episode,step_train,step,A1_reward_total,A1_n_lever,A1_n_door,A1_received,A1_given,A1_r-lever,A1_r-start,A1_r-door,A1_win_rate,A2_reward_total,A2_n_lever,A2_n_door,A2_received,A2_given,A2_r-lever,A2_r-start,A2_r-door,A2_win_rate,A3_reward_total,A3_n_lever,A3_n_door,A3_received,A3_given,A3_r-lever,A3_r-start,A3_r-door,A3_win_rate,steps_per_eps
100,100,816,3.062e-04,1.400e+00,1.600e+00,7.403e+00,4.003e+00,2.369e+00,2.488e+00,2.546e+00,2.000e+01,-4.655e+00,1.600e+00,1.900e+00,4.827e+00,7.482e+00,2.084e+00,1.032e+00,1.710e+00,0.000e+00,-1.945e+00,1.300e+00,7.000e-01,6.202e+00,6.948e+00,1.799e+00,3.578e+00,8.255e-01,0.000e+00,4.50
200,200,1606,-5.052e-01,1.100e+00,1.200e+00,2.637e+00,1.542e+00,9.523e-01,9.267e-01,7.580e-01,3.000e+01,-3.245e+00,1.400e+00,1.500e+00,2.298e+00,2.542e+00,1.094e+00,5.401e-01,6.636e-01,0.000e+00,-1.450e+00,9.000e-01,1.600e+00,2.233e+00,3.083e+00,6.234e-01,9.432e-01,6.666e-01,0.000e+00,4.10
300,300,2385,-3.445e+00,2.100e+00,1.500e+00,2.670e+00,2.515e+00,1.607e+00,4.226e-01,6.410e-01,3.000e+01,-3.115e-01,1.500e+00,1.500e+00,2.930e+00,2.741e+00,1.464e+00,7.241e-01,7.415e-01,0.000e+00,-1.544e+00,5.000e-01,1.300e+00,2.837e+00,3.181e+00,4.696e-01,1.838e+00,5.296e-01,0.000e+00,4.60
400,400,3213,-2.200e+00,1.400e+00,1.100e+00,2.126e+00,2.826e+00,1.083e+00,6.783e-01,3.647e-01,5.000e+01,8.014e-01,1.400e+00,1.500e+00,4.691e+00,2.190e+00,2.599e+00,8.221e-01,1.270e+00,0.000e+00,-6.010e-01,8.000e-01,1.300e+00,2.442e+00,4.243e+00,1.029e+00,9.283e-01,4.848e-01,0.000e+00,4.00
500,500,4022,-1.122e+00,1.200e+00,1.300e+00,1.960e+00,2.682e+00,1.257e+00,2.418e-01,4.610e-01,7.000e+01,2.162e+00,1.500e+00,1.300e+00,3.328e+00,2.966e+00,2.319e+00,1.795e-01,8.294e-01,0.000e+00,-4.396e-01,1.000e+00,9.000e-01,3.331e+00,2.970e+00,2.163e+00,6.761e-01,4.913e-01,0.000e+00,3.20
600,600,4829,-1.589e+00,1.900e+00,1.100e+00,5.293e+00,3.382e+00,3.443e+00,1.005e+00,8.450e-01,2.000e+01,-3.742e+00,1.200e+00,2.100e+00,3.086e+00,5.827e+00,1.692e+00,3.492e-01,1.045e+00,0.000e+00,-1.769e+00,1.500e+00,7.000e-01,5.561e+00,4.730e+00,4.545e+00,8.043e-01,2.114e-01,0.000e+00,4.30
700,700,5624,-4.960e-01,1.300e+00,1.700e+00,2.856e+00,3.452e+00,2.238e+00,2.142e-01,4.037e-01,6.000e+01,2.564e-01,1.100e+00,2.200e+00,2.620e+00,3.364e+00,1.779e+00,2.002e-01,6.408e-01,0.000e+00,-8.605e-01,1.300e+00,1.100e+00,4.868e+00,3.528e+00,4.302e+00,3.037e-01,2.616e-01,0.000e+00,4.00
800,800,6385,-1.751e+00,1.100e+00,1.400e+00,3.058e+00,3.410e+00,2.544e+00,4.751e-02,4.667e-01,7.000e+01,1.534e+00,6.000e-01,2.100e+00,1.066e+00,4.031e+00,4.934e-01,1.700e-01,4.025e-01,0.000e+00,1.417e+00,1.500e+00,7.000e-01,6.034e+00,2.717e+00,5.716e+00,2.892e-01,2.867e-02,0.000e+00,3.30
900,900,7140,-3.447e+00,1.100e+00,1.300e+00,2.786e+00,5.033e+00,2.435e+00,1.525e-01,1.986e-01,5.000e+01,-1.590e+00,5.000e-01,2.500e+00,2.293e+00,4.683e+00,6.817e-01,4.196e-01,1.192e+00,0.000e+00,3.637e+00,1.900e+00,9.000e-01,7.698e+00,3.060e+00,7.462e+00,4.068e-02,1.945e-01,0.000e+00,3.60
1000,1000,7851,8.997e-01,1.300e+00,1.400e+00,3.501e+00,2.001e+00,3.218e+00,3.314e-02,2.490e-01,7.000e+01,1.414e+00,7.000e-01,2.000e+00,1.561e+00,3.547e+00,9.549e-01,2.795e-01,3.266e-01,0.000e+00,-2.114e+00,1.900e+00,6.000e-01,3.551e+00,3.064e+00,3.521e+00,1.954e-02,1.057e-02,0.000e+00,3.30
1100,1100,8565,5.751e-01,1.400e+00,1.000e+00,3.403e+00,2.028e+00,3.202e+00,2.052e-02,1.802e-01,8.000e+01,1.812e+00,5.000e-01,2.000e+00,9.742e-01,3.662e+00,7.516e-01,8.312e-02,1.394e-01,0.000e+00,2.125e-01,1.800e+00,5.000e-01,3.608e+00,2.295e+00,3.572e+00,2.351e-02,1.192e-02,0.000e+00,2.80
1200,1200,9195,1.420e+00,1.900e+00,9.000e-01,7.552e+00,3.732e+00,6.622e+00,1.457e-01,7.843e-01,9.000e+01,2.701e+00,6.000e-01,2.400e+00,1.654e+00,6.153e+00,7.284e-01,3.557e-01,5.703e-01,0.000e+00,-1.021e+00,2.700e+00,3.000e-01,5.584e+00,4.905e+00,5.521e+00,6.022e-02,2.384e-03,0.000e+00,3.50
1300,1300,9818,-2.666e+00,1.600e+00,4.000e-01,5.591e+00,7.357e+00,5.251e+00,1.568e-01,1.829e-01,1.000e+02,9.387e+00,8.000e-01,1.600e+00,7.832e+00,5.946e+00,2.965e+00,7.320e-01,4.136e+00,0.000e+00,-1.720e+00,2.200e+00,2.000e-01,6.825e+00,6.945e+00,6.698e+00,6.866e-03,1.196e-01,0.000e+00,2.70
1400,1400,10420,-1.436e+00,1.500e+00,8.000e-01,4.678e+00,6.414e+00,4.563e+00,6.527e-03,1.088e-01,9.000e+01,3.693e+00,5.000e-01,1.500e+00,3.800e+00,5.806e+00,1.518e+00,5.813e-01,1.700e+00,0.000e+00,2.343e+00,2.200e+00,2.000e-01,7.489e+00,3.747e+00,7.382e+00,6.879e-03,1.001e-01,0.000e+00,2.60
1500,1500,11004,2.670e+00,1.300e+00,1.000e+00,3.742e+00,2.372e+00,3.575e+00,1.396e-01,2.723e-02,9.000e+01,3.537e+00,9.000e-01,1.700e+00,3.511e+00,4.374e+00,2.236e+00,1.007e-01,1.175e+00,0.000e+00,-1.807e+00,2.500e+00,3.000e-01,3.842e+00,4.349e+00,3.838e+00,7.656e-04,3.230e-03,0.000e+00,3.00
1600,1600,11541,1.320e+00,1.900e+00,7.000e-01,5.206e+00,2.887e+00,5.190e+00,1.311e-02,3.409e-03,9.000e+01,4.208e+00,1.000e+00,1.600e+00,3.370e+00,5.462e+00,2.484e+00,8.116e-02,8.045e-01,0.000e+00,-1.627e+00,2.600e+00,1.000e-01,4.799e+00,5.027e+00,4.788e+00,7.953e-03,3.320e-03,0.000e+00,3.10
1700,1700,12130,4.699e-01,1.500e+00,2.000e-01,5.058e+00,3.088e+00,5.030e+00,2.028e-03,2.631e-02,1.000e+02,5.620e+00,4.000e-01,1.400e+00,1.397e+00,4.978e+00,1.044e+00,3.870e-02,3.147e-01,0.000e+00,4.105e-01,1.800e+00,0.000e+00,4.883e+00,3.273e+00,4.855e+00,2.875e-02,0.000e+00,0.000e+00,2.10
1800,1800,12680,1.160e+00,1.800e+00,3.000e-01,5.132e+00,2.372e+00,5.084e+00,2.047e-02,2.691e-02,1.000e+02,4.506e+00,5.000e-01,1.500e+00,2.271e+00,6.665e+00,1.471e+00,3.186e-02,7.683e-01,0.000e+00,2.338e-01,2.200e+00,0.000e+00,5.466e+00,3.832e+00,5.289e+00,1.764e-01,0.000e+00,0.000e+00,2.40
1900,1900,13219,-3.810e-01,1.500e+00,7.000e-01,2.694e+00,1.875e+00,2.672e+00,1.145e-02,1.069e-02,9.000e+01,2.542e+00,7.000e-01,1.800e+00,2.099e+00,6.257e+00,1.770e+00,2.208e-02,3.072e-01,0.000e+00,1.839e+00,2.400e+00,2.000e-01,5.946e+00,2.607e+00,5.695e+00,1.335e-01,1.172e-01,0.000e+00,2.70
2000,2000,13732,2.858e+00,1.100e+00,3.000e-01,3.632e+00,1.674e+00,3.611e+00,1.793e-02,3.105e-03,1.000e+02,5.789e+00,6.000e-01,8.000e-01,2.332e+00,4.043e+00,2.054e+00,3.480e-02,2.430e-01,0.000e+00,-1.347e+00,1.500e+00,1.000e-01,2.807e+00,3.054e+00,2.806e+00,0.000e+00,6.855e-04,0.000e+00,1.60
2100,2100,14257,2.937e+00,1.500e+00,1.000e+00,4.486e+00,1.950e+00,4.464e+00,1.312e-02,8.679e-03,9.000e+01,2.721e+00,1.000e+00,1.400e+00,3.375e+00,5.254e+00,2.895e+00,1.578e-01,3.224e-01,0.000e+00,-9.576e-01,2.300e+00,2.000e-01,3.748e+00,4.406e+00,3.536e+00,9.054e-03,2.027e-01,0.000e+00,2.70
2200,2200,14773,4.369e+00,1.500e+00,1.000e+00,3.855e+00,8.863e-01,3.808e+00,3.207e-04,4.664e-02,1.000e+02,3.834e+00,6.000e-01,1.200e+00,2.691e+00,4.657e+00,1.750e+00,3.860e-01,5.546e-01,0.000e+00,-2.103e+00,2.500e+00,1.000e-01,2.719e+00,3.723e+00,2.719e+00,1.865e-04,4.426e-05,0.000e+00,2.70
2300,2300,15306,5.604e+00,1.400e+00,7.000e-01,4.604e+00,4.994e-01,4.447e+00,1.087e-02,1.463e-01,1.000e+02,5.189e+00,5.000e-01,1.400e+00,1.401e+00,2.211e+00,1.316e+00,2.478e-02,6.045e-02,0.000e+00,-4.494e+00,1.800e+00,1.000e-01,4.827e-02,3.342e+00,4.826e-02,1.372e-05,2.050e-06,0.000e+00,2.20
2400,2400,15809,3.419e+00,1.700e+00,9.000e-01,4.301e+00,3.182e+00,4.266e+00,2.331e-02,1.098e-02,9.000e+01,6.700e+00,1.100e+00,1.200e+00,6.089e+00,2.389e+00,3.954e+00,5.992e-01,1.535e+00,0.000e+00,-6.219e+00,2.400e+00,3.000e-01,8.320e-01,5.651e+00,8.311e-01,2.826e-04,5.842e-04,0.000e+00,2.90
2500,2500,16283,3.280e+00,1.500e+00,4.000e-01,3.990e+00,1.510e+00,3.988e+00,6.672e-04,5.262e-04,1.000e+02,7.848e+00,8.000e-01,1.000e+00,2.835e+00,2.187e+00,2.580e+00,5.438e-03,2.497e-01,0.000e+00,-4.127e+00,2.000e+00,0.000e+00,2.396e-01,3.367e+00,2.396e-01,0.000e+00,0.000e+00,0.000e+00,2.00
2600,2600,16775,3.763e+00,1.600e+00,4.000e-01,4.842e+00,1.879e+00,4.815e+00,6.404e-04,2.647e-02,1.000e+02,8.434e+00,8.000e-01,8.000e-01,3.652e+00,2.618e+00,2.932e+00,5.094e-02,6.687e-01,0.000e+00,-5.097e+00,2.200e+00,1.000e-01,4.721e-01,4.469e+00,4.721e-01,0.000e+00,2.571e-06,0.000e+00,2.30
2700,2700,17244,1.586e+00,1.400e+00,3.000e-01,4.159e+00,6.732e-01,4.138e+00,1.590e-02,5.489e-03,8.000e+01,6.215e+00,5.000e-01,1.400e+00,1.357e+00,2.142e+00,1.140e+00,2.076e-02,1.961e-01,0.000e+00,-3.901e+00,2.100e+00,0.000e+00,6.828e-02,2.769e+00,6.819e-02,9.665e-05,0.000e+00,0.000e+00,2.20
2800,2800,17735,3.532e+00,2.000e+00,2.000e-01,6.426e+00,1.693e+00,6.425e+00,0.000e+00,8.067e-04,1.000e+02,1.038e+01,1.100e+00,1.000e+00,4.584e+00,3.509e+00,3.647e+00,1.144e-03,9.364e-01,0.000e+00,-6.808e+00,2.000e+00,0.000e+00,1.712e-01,5.979e+00,1.712e-01,3.541e-05,0.000e+00,0.000e+00,2.20
2900,2900,18258,2.061e+00,1.400e+00,3.000e-01,4.150e+00,6.882e-01,4.147e+00,9.847e-07,2.351e-03,1.000e+02,8.883e+00,1.000e-01,1.300e+00,1.460e+00,2.077e+00,3.895e-01,1.415e-01,9.292e-01,0.000e+00,-3.845e+00,1.800e+00,0.000e+00,1.398e-01,2.985e+00,1.398e-01,0.000e+00,0.000e+00,0.000e+00,1.80
3000,3000,18789,-2.920e+00,2.300e+00,3.000e-01,3.517e-01,2.771e+00,3.517e-01,6.347e-06,8.583e-06,9.000e+01,1.020e+01,1.200e+00,1.200e+00,4.079e+00,2.747e-01,3.829e+00,1.395e-01,1.106e-01,0.000e+00,-2.584e+00,2.800e+00,1.000e-01,4.125e-01,1.797e+00,4.125e-01,0.000e+00,3.194e-05,0.000e+00,2.90
3100,3100,19257,-3.102e+00,1.800e+00,6.000e-01,4.314e-01,2.833e+00,4.313e-01,9.382e-06,2.730e-05,8.000e+01,6.523e+00,1.300e+00,8.000e-01,4.236e+00,2.127e-01,3.917e+00,6.491e-02,2.538e-01,0.000e+00,3.782e-01,2.100e+00,4.000e-01,7.399e-01,2.362e+00,7.395e-01,4.722e-05,3.271e-04,0.000e+00,2.60
3200,3200,19744,-9.108e-01,1.500e+00,8.000e-01,1.975e+00,2.186e+00,1.973e+00,9.585e-04,1.426e-03,9.000e+01,8.641e+00,1.000e+00,1.100e+00,4.101e+00,1.160e+00,3.445e+00,9.013e-02,5.654e-01,0.000e+00,-2.630e+00,2.500e+00,1.000e-01,3.413e-01,3.071e+00,3.412e-01,2.190e-05,9.913e-05,0.000e+00,2.70
3300,3300,20206,3.216e+00,1.900e+00,1.000e-01,5.781e+00,1.065e+00,5.747e+00,3.192e-02,1.927e-03,1.000e+02,8.730e+00,7.000e-01,1.400e+00,2.841e+00,3.011e+00,2.151e+00,1.810e-01,5.086e-01,0.000e+00,-6.046e+00,2.100e+00,2.000e-01,5.894e-02,4.605e+00,5.889e-02,4.598e-05,5.297e-06,0.000e+00,2.50
3400,3400,20686,4.946e+00,2.200e+00,1.000e-01,8.007e+00,1.961e+00,8.000e+00,4.352e-03,2.410e-03,1.000e+02,1.007e+01,1.100e+00,1.100e+00,4.731e+00,3.959e+00,4.015e+00,2.595e-02,6.899e-01,0.000e+00,-7.918e+00,2.100e+00,1.000e-01,7.611e-02,6.894e+00,7.610e-02,7.138e-06,3.030e-06,0.000e+00,2.40
3500,3500,21154,3.791e+00,1.800e+00,2.000e-01,6.307e+00,1.316e+00,6.304e+00,0.000e+00,3.339e-03,1.000e+02,9.548e+00,6.000e-01,1.200e+00,3.403e+00,3.154e+00,2.369e+00,7.921e-02,9.547e-01,0.000e+00,-6.340e+00,1.900e+00,1.000e-01,1.269e-01,5.367e+00,1.269e-01,0.000e+00,1.119e-06,0.000e+00,2.00
3600,3600,21613,4.821e+00,1.400e+00,4.000e-01,5.038e+00,1.317e+00,5.036e+00,0.000e+00,1.866e-03,1.000e+02,6.470e+00,7.000e-01,8.000e-01,2.796e+00,2.526e+00,2.612e+00,9.679e-03,1.740e-01,0.000e+00,-3.891e+00,1.700e+00,1.000e-01,8.575e-02,4.076e+00,8.572e-02,0.000e+00,2.522e-05,0.000e+00,1.80
3700,3700,22042,4.228e+00,1.800e+00,1.000e-01,6.440e+00,1.112e+00,6.439e+00,0.000e+00,5.060e-04,1.000e+02,7.976e+00,6.000e-01,1.000e+00,2.725e+00,3.249e+00,2.226e+00,5.262e-02,4.464e-01,0.000e+00,-4.904e+00,1.600e+00,3.000e-01,6.088e-02,4.865e+00,6.085e-02,0.000e+00,2.226e-05,0.000e+00,1.90
3800,3800,22465,3.732e+00,1.400e+00,0.000e+00,5.276e+00,5.438e-01,5.276e+00,0.000e+00,0.000e+00,1.000e+02,8.134e+00,2.000e-01,1.100e+00,1.212e+00,2.777e+00,7.935e-01,1.041e-02,4.079e-01,0.000e+00,-4.367e+00,1.300e+00,1.000e-01,1.904e-02,3.186e+00,1.904e-02,0.000e+00,2.220e-07,0.000e+00,1.40
3900,3900,22933,3.025e+00,1.800e+00,2.000e-01,5.946e+00,2.820e+00,5.945e+00,0.000e+00,7.961e-04,1.000e+02,9.324e+00,9.000e-01,8.000e-01,5.373e+00,3.349e+00,3.547e+00,3.407e-02,1.792e+00,0.000e+00,-5.049e+00,1.900e+00,1.000e-01,1.613e-01,5.310e+00,1.613e-01,0.000e+00,6.744e-05,0.000e+00,2.00
4000,4000,23369,2.633e+00,1.600e+00,3.000e-01,4.933e+00,1.100e+00,4.933e+00,0.000e+00,3.387e-04,1.000e+02,8.507e+00,5.000e-01,1.100e+00,2.529e+00,2.422e+00,1.768e+00,2.128e-02,7.390e-01,0.000e+00,-4.140e+00,1.500e+00,3.000e-01,1.275e-02,3.952e+00,1.262e-02,1.408e-05,1.143e-04,0.000e+00,1.90
4100,4100,23829,-7.624e-01,2.300e+00,1.000e-01,3.672e+00,3.334e+00,3.671e+00,0.000e+00,5.343e-05,1.000e+02,1.443e+01,1.100e+00,1.200e+00,6.870e+00,1.536e+00,4.379e+00,1.019e-02,2.481e+00,0.000e+00,-6.871e+00,2.300e+00,1.000e-01,6.772e-02,5.739e+00,6.772e-02,0.000e+00,5.376e-07,0.000e+00,2.40
4200,4200,24260,3.066e+00,2.400e+00,1.000e-01,6.800e+00,3.834e+00,6.800e+00,0.000e+00,2.085e-04,1.000e+02,1.149e+01,1.300e+00,1.200e+00,7.542e+00,4.151e+00,5.162e+00,0.000e+00,2.380e+00,0.000e+00,-7.458e+00,2.100e+00,1.000e-01,9.860e-02,6.456e+00,9.859e-02,1.653e-05,1.354e-08,0.000e+00,2.50
4300,4300,24725,2.001e+00,1.900e+00,0.000e+00,5.944e+00,2.942e+00,5.944e+00,0.000e+00,0.000e+00,1.000e+02,9.496e+00,1.000e+00,8.000e-01,5.930e+00,3.734e+00,3.927e+00,1.215e-02,1.991e+00,0.000e+00,-3.998e+00,1.500e+00,2.000e-01,1.236e-02,5.210e+00,1.233e-02,1.368e-05,2.454e-05,0.000e+00,1.90
4400,4400,25212,-2.887e+00,2.200e+00,3.000e-01,2.331e+00,4.917e+00,2.331e+00,4.974e-05,6.082e-05,9.000e+01,1.486e+01,1.600e+00,9.000e-01,9.736e+00,1.577e+00,6.385e+00,1.766e-01,3.174e+00,0.000e+00,-6.672e+00,2.500e+00,1.000e-01,1.483e-01,5.720e+00,1.483e-01,3.915e-06,3.120e-05,0.000e+00,2.70
4500,4500,25687,-2.908e+00,2.300e+00,2.000e-01,1.378e+00,4.186e+00,1.378e+00,0.000e+00,7.326e-06,1.000e+02,1.417e+01,1.500e+00,9.000e-01,8.318e+00,1.249e+00,5.955e+00,3.682e-03,2.359e+00,0.000e+00,-4.161e+00,2.300e+00,1.000e-01,4.096e-02,4.302e+00,4.094e-02,6.660e-06,1.295e-05,0.000e+00,2.50
4600,4600,26185,-2.210e+00,2.600e+00,1.000e-01,2.491e+00,3.602e+00,2.491e+00,0.000e+00,6.473e-06,1.000e+02,1.318e+01,1.000e+00,1.400e+00,6.537e+00,2.159e+00,3.945e+00,1.648e-03,2.590e+00,0.000e+00,-4.567e+00,2.100e+00,3.000e-01,1.326e-02,3.280e+00,1.326e-02,1.574e-06,1.639e-06,0.000e+00,2.70
4700,4700,26662,1.059e+00,1.400e+00,1.000e-01,1.750e+00,7.908e-01,1.750e+00,0.000e+00,8.604e-06,1.000e+02,8.649e+00,4.000e-01,9.000e-01,1.600e+00,1.652e+00,1.570e+00,1.937e-04,2.974e-02,0.000e+00,-1.908e+00,1.500e+00,0.000e+00,8.096e-03,9.159e-01,8.096e-03,0.000e+00,0.000e+00,0.000e+00,1.50
4800,4800,27132,-1.092e+00,2.200e+00,2.000e-01,1.937e+00,1.829e+00,1.937e+00,0.000e+00,2.638e-04,9.000e+01,8.915e+00,1.000e+00,1.200e+00,3.775e+00,1.661e+00,3.750e+00,1.102e-04,2.515e-02,0.000e+00,-2.523e+00,1.800e+00,4.000e-01,2.001e-02,2.243e+00,1.995e-02,2.534e-05,3.621e-05,0.000e+00,2.40
4900,4900,27610,2.213e+00,2.000e+00,2.000e-01,4.455e+00,3.342e+00,4.454e+00,0.000e+00,9.543e-04,1.000e+02,1.084e+01,1.400e+00,8.000e-01,6.607e+00,3.066e+00,5.596e+00,0.000e+00,1.011e+00,0.000e+00,-5.654e+00,2.200e+00,0.000e+00,8.401e-02,4.738e+00,8.401e-02,0.000e+00,0.000e+00,0.000e+00,2.20
5000,5000,28111,1.746e+00,1.700e+00,0.000e+00,5.452e+00,2.706e+00,5.452e+00,0.000e+00,0.000e+00,1.000e+02,7.021e+00,1.000e+00,7.000e-01,4.067e+00,3.346e+00,3.961e+00,0.000e+00,1.065e-01,0.000e+00,-1.266e+00,1.200e+00,3.000e-01,6.374e-01,4.104e+00,6.003e-01,1.330e-03,3.581e-02,0.000e+00,1.70
5100,5100,28595,1.746e+00,2.400e+00,0.000e+00,7.762e+00,5.016e+00,7.762e+00,0.000e+00,0.000e+00,1.000e+02,8.229e+00,1.200e+00,1.100e+00,4.816e+00,4.786e+00,4.771e+00,3.620e-04,4.400e-02,0.000e+00,-2.775e+00,2.000e+00,2.000e-01,2.600e+00,5.375e+00,2.599e+00,2.675e-06,1.210e-03,0.000e+00,2.40
5200,5200,29062,7.035e-01,1.700e+00,2.000e-01,5.338e+00,3.134e+00,5.189e+00,1.445e-01,3.554e-03,1.000e+02,6.439e+00,9.000e-01,1.100e+00,3.487e+00,2.948e+00,3.467e+00,0.000e+00,2.009e-02,0.000e+00,-9.427e-01,1.200e+00,6.000e-01,1.455e+00,4.197e+00,1.436e+00,3.732e-03,1.493e-02,0.000e+00,2.00
5300,5300,29585,3.317e+00,1.800e+00,3.000e-01,7.255e+00,4.938e+00,7.079e+00,0.000e+00,1.765e-01,1.000e+02,7.272e+00,1.100e+00,1.000e+00,4.778e+00,3.506e+00,3.816e+00,0.000e+00,9.615e-01,0.000e+00,-3.889e+00,1.600e+00,3.000e-01,2.926e+00,6.515e+00,2.853e+00,1.053e-02,6.237e-02,0.000e+00,2.10
5400,5400,30100,1.123e-01,2.000e+00,1.000e-01,6.308e+00,4.996e+00,6.308e+00,0.000e+00,1.878e-06,1.000e+02,5.932e+00,1.400e+00,7.000e-01,5.598e+00,3.366e+00,5.318e+00,0.000e+00,2.801e-01,0.000e+00,9.556e-01,1.300e+00,5.000e-01,2.810e+00,6.354e+00,2.786e+00,1.641e-02,7.220e-03,0.000e+00,2.10
5500,5500,30595,-5.858e+00,2.400e+00,4.000e-01,8.861e-01,5.344e+00,8.861e-01,0.000e+00,5.935e-06,1.000e+02,6.740e+00,1.300e+00,1.100e+00,4.859e+00,3.619e+00,4.693e+00,2.979e-03,1.626e-01,0.000e+00,4.518e+00,1.900e+00,8.000e-01,5.947e+00,2.729e+00,5.920e+00,9.561e-03,1.801e-02,0.000e+00,2.80
5600,5600,31095,-4.386e+00,1.800e+00,0.000e+00,4.867e-01,3.873e+00,4.867e-01,6.874e-06,0.000e+00,1.000e+02,6.694e+00,9.000e-01,9.000e-01,3.946e+00,2.052e+00,3.595e+00,1.783e-05,3.517e-01,0.000e+00,4.492e+00,1.000e+00,9.000e-01,3.346e+00,1.854e+00,3.338e+00,0.000e+00,8.314e-03,0.000e+00,1.90
5700,5700,31601,-5.509e+00,3.200e+00,1.000e-01,7.194e-01,5.128e+00,7.194e-01,0.000e+00,8.138e-08,7.000e+01,3.534e+00,1.400e+00,1.900e+00,4.892e+00,3.858e+00,4.885e+00,0.000e+00,7.581e-03,0.000e+00,4.775e+00,1.500e+00,1.500e+00,5.858e+00,2.483e+00,5.353e+00,2.943e-01,2.112e-01,0.000e+00,3.30
5800,5800,32102,-3.762e+00,2.300e+00,0.000e+00,1.496e-01,2.911e+00,1.496e-01,0.000e+00,0.000e+00,9.000e+01,4.454e+00,7.000e-01,1.200e+00,1.794e+00,2.139e+00,1.792e+00,1.528e-04,1.463e-03,0.000e+00,4.507e+00,1.200e+00,1.000e+00,4.010e+00,9.025e-01,3.997e+00,1.311e-04,1.210e-02,0.000e+00,2.30
5900,5900,32599,-4.720e+00,1.500e+00,1.000e-01,2.272e-01,3.847e+00,2.272e-01,0.000e+00,5.034e-08,1.000e+02,4.926e+00,9.000e-01,6.000e-01,3.246e+00,2.320e+00,3.188e+00,2.245e-03,5.585e-02,0.000e+00,7.094e+00,1.100e+00,5.000e-01,4.399e+00,1.706e+00,4.398e+00,0.000e+00,1.293e-03,0.000e+00,1.60
6000,6000,33061,-2.942e+00,2.200e+00,1.000e-01,3.737e-01,3.416e+00,3.737e-01,0.000e+00,5.535e-06,9.000e+01,4.035e+00,1.200e+00,1.000e+00,4.041e+00,1.406e+00,4.037e+00,3.126e-06,4.090e-03,0.000e+00,4.307e+00,1.100e+00,1.200e+00,2.667e+00,2.260e+00,2.666e+00,0.000e+00,5.408e-04,0.000e+00,2.30
6100,6100,33551,-5.368e+00,1.700e+00,0.000e+00,5.088e-01,4.877e+00,5.088e-01,0.000e+00,0.000e+00,1.000e+02,6.961e+00,1.200e+00,5.000e-01,5.220e+00,2.460e+00,4.786e+00,0.000e+00,4.345e-01,0.000e+00,6.007e+00,1.200e+00,5.000e-01,4.805e+00,3.198e+00,4.798e+00,0.000e+00,7.150e-03,0.000e+00,1.70
6200,6200,34021,-3.069e+00,1.700e+00,3.000e-01,3.048e-01,3.274e+00,3.048e-01,0.000e+00,1.122e-05,9.000e+01,4.008e+00,1.000e+00,7.000e-01,3.802e+00,1.494e+00,3.556e+00,1.692e-03,2.439e-01,0.000e+00,4.561e+00,9.000e-01,1.000e+00,2.857e+00,2.195e+00,2.813e+00,1.535e-06,4.406e-02,0.000e+00,2.00
6300,6300,34520,-5.191e+00,1.600e+00,1.000e-01,5.959e-01,4.687e+00,5.959e-01,0.000e+00,1.466e-05,1.000e+02,6.819e+00,1.300e+00,4.000e-01,5.864e+00,2.045e+00,5.192e+00,0.000e+00,6.715e-01,0.000e+00,5.773e+00,9.000e-01,7.000e-01,3.463e+00,3.191e+00,3.463e+00,2.681e-04,2.635e-05,0.000e+00,1.70
6400,6400,35053,-7.823e+00,2.200e+00,1.000e-01,5.502e-02,6.778e+00,5.502e-02,0.000e+00,1.302e-06,1.000e+02,8.475e+00,1.700e+00,5.000e-01,7.561e+00,2.986e+00,6.782e+00,1.596e-02,7.631e-01,0.000e+00,6.349e+00,1.500e+00,7.000e-01,5.955e+00,3.806e+00,5.954e+00,8.753e-04,3.886e-05,0.000e+00,2.30
6500,6500,35563,-5.642e+00,1.400e+00,0.000e+00,1.192e-01,4.561e+00,1.192e-01,2.323e-08,0.000e+00,1.000e+02,7.431e+00,8.000e-01,6.000e-01,4.197e+00,1.865e+00,3.199e+00,1.995e-01,7.982e-01,0.000e+00,5.311e+00,1.000e+00,5.000e-01,3.815e+00,1.705e+00,3.815e+00,0.000e+00,3.457e-04,0.000e+00,1.50
6600,6600,36037,-5.214e+00,2.000e+00,4.000e-01,1.215e-01,6.135e+00,1.215e-01,0.000e+00,1.194e-06,1.000e+02,7.525e+00,1.700e+00,6.000e-01,7.068e+00,2.143e+00,6.264e+00,4.290e-07,8.043e-01,0.000e+00,3.988e+00,1.500e+00,8.000e-01,4.042e+00,2.953e+00,4.041e+00,2.312e-04,8.373e-06,0.000e+00,2.40
6700,6700,36524,-1.782e+00,1.200e+00,2.000e-01,1.391e+00,4.173e+00,1.391e+00,4.170e-04,7.148e-06,1.000e+02,3.366e+00,1.000e+00,6.000e-01,3.667e+00,3.300e+00,3.302e+00,2.126e-03,3.627e-01,0.000e+00,5.615e+00,1.100e+00,6.000e-01,4.011e+00,1.595e+00,4.010e+00,0.000e+00,8.523e-04,0.000e+00,1.70
6800,6800,37020,7.585e-01,2.000e+00,3.000e-01,6.311e+00,5.453e+00,6.301e+00,0.000e+00,1.012e-02,8.000e+01,3.378e+00,1.600e+00,6.000e-01,6.083e+00,5.606e+00,6.081e+00,5.653e-05,2.004e-03,0.000e+00,4.637e-01,1.500e+00,8.000e-01,4.408e+00,5.744e+00,4.408e+00,0.000e+00,2.443e-04,0.000e+00,2.30
6900,6900,37501,-1.385e+00,2.200e+00,8.000e-01,6.469e+00,7.854e+00,6.395e+00,6.981e-02,4.444e-03,9.000e+01,1.873e+00,1.800e+00,1.300e+00,6.138e+00,8.765e+00,6.138e+00,0.000e+00,5.348e-05,0.000e+00,3.712e+00,2.800e+00,2.000e-01,1.039e+01,6.380e+00,1.039e+01,2.193e-03,2.309e-04,0.000e+00,3.10
7000,7000,38053,5.733e-01,2.600e+00,2.000e-01,9.065e+00,8.392e+00,9.065e+00,0.000e+00,5.320e-04,9.000e+01,1.877e+00,2.200e+00,6.000e-01,8.370e+00,9.194e+00,8.370e+00,0.000e+00,9.422e-05,0.000e+00,3.250e+00,2.200e+00,5.000e-01,8.408e+00,8.258e+00,8.394e+00,1.076e-02,2.908e-03,0.000e+00,2.80
7100,7100,38583,-2.573e+00,2.000e+00,3.000e-01,3.784e+00,7.357e+00,3.784e+00,0.000e+00,1.251e-04,1.000e+02,3.544e+00,1.600e+00,7.000e-01,6.399e+00,7.955e+00,6.393e+00,0.000e+00,5.832e-03,0.000e+00,6.229e+00,2.100e+00,2.000e-01,8.336e+00,3.207e+00,8.336e+00,0.000e+00,8.740e-06,0.000e+00,2.30
7200,7200,39110,3.149e-01,1.200e+00,4.000e-01,2.399e+00,5.384e+00,2.398e+00,0.000e+00,1.854e-04,9.000e+01,1.684e+00,1.400e+00,2.000e-01,5.577e+00,4.993e+00,5.577e+00,0.000e+00,5.170e-07,0.000e+00,4.701e+00,1.300e+00,3.000e-01,5.186e+00,2.785e+00,5.186e+00,0.000e+00,3.331e-05,0.000e+00,1.60
7300,7300,39628,-4.999e+00,3.100e+00,3.000e-01,5.928e+00,1.183e+01,5.927e+00,0.000e+00,7.363e-04,7.000e+01,8.846e-01,2.800e+00,5.000e-01,1.053e+01,1.255e+01,1.053e+01,2.697e-06,7.056e-07,0.000e+00,7.915e+00,3.300e+00,1.000e-01,1.315e+01,5.240e+00,1.313e+01,0.000e+00,2.545e-02,0.000e+00,3.40
7400,7400,40146,-4.151e+00,2.100e+00,4.000e-01,3.477e+00,7.328e+00,3.473e+00,5.310e-04,3.589e-03,9.000e+01,5.870e+00,1.700e+00,9.000e-01,7.335e+00,7.365e+00,6.788e+00,0.000e+00,5.465e-01,0.000e+00,3.881e+00,2.400e+00,2.000e-01,8.398e+00,4.516e+00,8.398e+00,0.000e+00,3.143e-06,0.000e+00,2.60
7500,7500,40618,-1.842e+00,2.300e+00,7.000e-01,7.526e+00,8.268e+00,7.204e+00,9.955e-02,2.220e-01,7.000e+01,1.349e+00,2.100e+00,9.000e-01,7.990e+00,8.741e+00,7.840e+00,9.677e-04,1.489e-01,0.000e+00,2.393e+00,2.700e+00,4.000e-01,8.584e+00,7.091e+00,8.584e+00,0.000e+00,7.827e-06,0.000e+00,3.10
7600,7600,41116,1.383e+00,1.000e+00,1.200e+00,2.402e+00,5.719e+00,2.394e+00,0.000e+00,8.256e-03,1.000e+02,3.346e+00,1.400e+00,7.000e-01,5.166e+00,4.220e+00,5.161e+00,3.704e-05,4.605e-03,0.000e+00,1.171e+00,1.900e+00,3.000e-01,6.213e+00,3.843e+00,6.213e+00,0.000e+00,1.077e-05,0.000e+00,2.20
7700,7700,41579,1.937e+00,1.800e+00,1.000e+00,6.335e+00,7.898e+00,6.273e+00,6.142e-02,1.248e-03,9.000e+01,1.696e+00,2.000e+00,1.000e+00,5.967e+00,6.371e+00,5.950e+00,1.727e-04,1.644e-02,0.000e+00,8.671e-01,2.900e+00,1.000e-01,7.907e+00,5.940e+00,7.906e+00,6.201e-04,1.037e-06,0.000e+00,3.10
7800,7800,42091,5.214e+00,1.500e+00,6.000e-01,6.123e+00,6.109e+00,5.994e+00,0.000e+00,1.284e-01,9.000e+01,1.688e+00,1.900e+00,2.000e-01,7.588e+00,7.000e+00,7.588e+00,0.000e+00,2.351e-05,0.000e+00,-5.015e-01,2.000e+00,1.000e-01,6.195e+00,6.796e+00,6.195e+00,0.000e+00,1.105e-06,0.000e+00,2.10
7900,7900,42574,4.548e+00,1.400e+00,1.000e+00,4.815e+00,3.768e+00,4.812e+00,0.000e+00,3.546e-03,9.000e+01,2.740e+00,1.800e+00,5.000e-01,5.942e+00,3.602e+00,5.942e+00,1.251e-05,2.568e-06,0.000e+00,-2.288e+00,1.900e+00,3.000e-01,2.018e+00,5.406e+00,2.018e+00,1.432e-04,8.163e-07,0.000e+00,2.40
8000,8000,43120,4.960e+00,2.900e+00,2.000e-01,1.120e+01,7.236e+00,1.119e+01,2.394e-03,8.997e-05,8.000e+01,6.650e+00,2.600e+00,5.000e-01,1.041e+01,7.761e+00,1.039e+01,8.236e-03,1.694e-02,0.000e+00,-6.509e+00,3.100e+00,1.000e-01,4.177e+00,1.079e+01,4.177e+00,0.000e+00,1.093e-06,0.000e+00,3.20
8100,8100,43662,2.136e+00,1.600e+00,6.000e-01,5.934e+00,7.798e+00,5.933e+00,5.849e-04,2.160e-05,1.000e+02,3.955e+00,1.800e+00,4.000e-01,6.930e+00,4.875e+00,6.856e+00,2.998e-05,7.426e-02,0.000e+00,1.008e+00,2.100e+00,2.000e-01,6.014e+00,6.205e+00,6.014e+00,0.000e+00,1.502e-05,0.000e+00,2.30
8200,8200,44164,2.142e+00,2.200e+00,5.000e-01,7.507e+00,8.365e+00,7.507e+00,0.000e+00,4.462e-05,1.000e+02,3.553e+00,2.000e+00,5.000e-01,7.828e+00,8.075e+00,7.807e+00,2.271e-04,2.064e-02,0.000e+00,1.005e+00,2.500e+00,2.000e-01,8.718e+00,7.613e+00,8.718e+00,0.000e+00,1.142e-05,0.000e+00,2.70
8300,8300,44709,4.804e+00,1.700e+00,5.000e-01,6.715e+00,5.111e+00,6.715e+00,0.000e+00,3.844e-05,9.000e+01,3.978e+00,1.800e+00,3.000e-01,6.912e+00,4.934e+00,6.712e+00,1.296e-05,1.999e-01,0.000e+00,-2.382e+00,2.000e+00,2.000e-01,3.339e+00,6.921e+00,3.339e+00,0.000e+00,6.971e-07,0.000e+00,2.20
8400,8400,45272,1.013e+00,1.700e+00,4.000e-01,6.354e+00,3.841e+00,6.354e+00,0.000e+00,2.643e-07,9.000e+01,4.898e+00,1.000e+00,1.200e+00,3.597e+00,5.598e+00,3.597e+00,0.000e+00,5.103e-06,0.000e+00,-4.112e-01,2.100e+00,1.000e-01,4.450e+00,4.961e+00,4.450e+00,0.000e+00,1.502e-06,0.000e+00,2.20
8500,8500,45789,2.712e+00,1.400e+00,3.000e-01,5.130e+00,3.317e+00,5.130e+00,0.000e+00,2.093e-05,1.000e+02,4.209e+00,9.000e-01,8.000e-01,3.600e+00,5.591e+00,3.600e+00,0.000e+00,6.846e-04,0.000e+00,2.787e-01,1.600e+00,1.000e-01,4.522e+00,4.344e+00,4.522e+00,0.000e+00,5.197e-06,0.000e+00,1.70
8600,8600,46258,4.494e+00,1.700e+00,7.000e-01,5.608e+00,2.714e+00,5.608e+00,0.000e+00,1.545e-04,1.000e+02,2.335e+00,1.300e+00,1.100e+00,4.493e+00,6.758e+00,4.492e+00,0.000e+00,7.585e-04,0.000e+00,-6.288e-01,2.200e+00,2.000e-01,4.341e+00,4.970e+00,4.341e+00,0.000e+00,6.629e-05,0.000e+00,2.40
8700,8700,46791,4.932e+00,2.000e+00,2.000e-01,7.574e+00,2.442e+00,7.574e+00,4.628e-04,2.068e-06,1.000e+02,3.624e+00,1.200e+00,9.000e-01,4.801e+00,8.178e+00,4.799e+00,2.004e-03,2.958e-04,0.000e+00,-1.656e+00,2.200e+00,1.000e-01,4.423e+00,6.179e+00,4.423e+00,0.000e+00,1.573e-05,0.000e+00,2.30
8800,8800,47306,5.193e+00,2.300e+00,0.000e+00,9.178e+00,2.984e+00,9.178e+00,0.000e+00,0.000e+00,1.000e+02,4.830e+00,1.400e+00,9.000e-01,5.600e+00,8.970e+00,5.599e+00,0.000e+00,1.173e-03,0.000e+00,-2.723e+00,2.200e+00,1.000e-01,4.556e+00,7.379e+00,4.556e+00,0.000e+00,5.474e-06,0.000e+00,2.30
8900,8900,47869,5.627e+00,2.200e+00,1.000e-01,8.762e+00,3.235e+00,8.762e+00,0.000e+00,1.304e-06,1.000e+02,3.818e+00,1.600e+00,7.000e-01,6.407e+00,8.590e+00,6.399e+00,0.000e+00,8.154e-03,0.000e+00,-2.145e+00,2.100e+00,2.000e-01,4.226e+00,7.571e+00,4.226e+00,0.000e+00,5.446e-05,0.000e+00,2.30
9000,9000,48405,6.386e+00,2.600e+00,1.000e-01,1.026e+01,3.876e+00,1.026e+01,0.000e+00,1.158e-07,1.000e+02,4.382e+00,1.900e+00,8.000e-01,7.597e+00,1.021e+01,7.596e+00,0.000e+00,9.617e-05,0.000e+00,-3.769e+00,2.600e+00,1.000e-01,5.115e+00,8.884e+00,5.115e+00,0.000e+00,1.941e-06,0.000e+00,2.70
9100,9100,48998,5.695e+00,3.100e+00,1.000e-01,1.173e+01,4.833e+00,1.173e+01,0.000e+00,1.093e-06,8.000e+01,1.507e+00,2.500e+00,7.000e-01,9.586e+00,1.178e+01,9.586e+00,0.000e+00,8.481e-08,0.000e+00,-2.602e+00,2.800e+00,4.000e-01,5.844e+00,1.055e+01,5.646e+00,0.000e+00,1.987e-01,0.000e+00,3.20
9200,9200,49568,6.234e+00,2.400e+00,2.000e-01,9.134e+00,4.100e+00,9.133e+00,7.131e-04,2.053e-06,1.000e+02,4.228e+00,2.000e+00,7.000e-01,7.996e+00,9.768e+00,7.996e+00,0.000e+00,7.215e-06,0.000e+00,-3.162e+00,2.600e+00,1.000e-01,5.304e+00,8.565e+00,5.302e+00,0.000e+00,2.021e-03,0.000e+00,2.70
9300,9300,50171,5.331e+00,2.600e+00,2.000e-01,1.032e+01,6.094e+00,1.032e+01,0.000e+00,1.508e-06,9.000e+01,2.434e+00,2.400e+00,4.000e-01,9.598e+00,1.016e+01,9.598e+00,0.000e+00,8.244e-05,0.000e+00,-1.364e+00,2.500e+00,3.000e-01,6.295e+00,9.960e+00,6.294e+00,0.000e+00,1.070e-03,0.000e+00,2.80
9400,9400,50784,2.111e-01,3.200e+00,1.000e-01,1.259e+01,1.237e+01,1.259e+01,0.000e+00,1.397e-06,5.000e+01,1.434e-01,3.300e+00,0.000e+00,1.319e+01,1.205e+01,1.319e+01,0.000e+00,0.000e+00,0.000e+00,1.846e+00,2.900e+00,4.000e-01,1.159e+01,1.294e+01,1.159e+01,0.000e+00,1.255e-03,0.000e+00,3.30
9500,9500,51428,3.714e-01,4.600e+00,0.000e+00,1.833e+01,1.696e+01,1.833e+01,0.000e+00,0.000e+00,5.000e+01,1.437e+00,4.000e+00,5.000e-01,1.598e+01,1.835e+01,1.598e+01,1.384e-04,2.338e-04,0.000e+00,-8.539e-03,4.500e+00,0.000e+00,1.813e+01,1.714e+01,1.794e+01,1.889e-01,0.000e+00,0.000e+00,4.60
9600,9600,52062,1.548e+00,4.000e+00,1.000e-01,1.591e+01,1.446e+01,1.591e+01,0.000e+00,8.574e-07,9.000e+01,3.441e+00,3.200e+00,8.000e-01,1.263e+01,1.619e+01,1.263e+01,2.358e-04,5.099e-05,0.000e+00,1.111e+00,4.100e+00,0.000e+00,1.640e+01,1.429e+01,1.640e+01,0.000e+00,0.000e+00,0.000e+00,4.10
9700,9700,52690,-3.143e+00,3.800e+00,0.000e+00,1.096e+01,1.311e+01,1.096e+01,0.000e+00,0.000e+00,9.000e+01,5.261e+00,2.800e+00,9.000e-01,1.238e+01,1.512e+01,1.118e+01,2.294e-03,1.198e+00,0.000e+00,3.882e+00,3.700e+00,0.000e+00,1.502e+01,1.014e+01,1.474e+01,2.820e-01,0.000e+00,0.000e+00,3.80
9800,9800,53358,-4.015e-01,4.000e+00,0.000e+00,1.514e+01,1.454e+01,1.514e+01,0.000e+00,0.000e+00,6.000e+01,3.347e+00,3.500e+00,5.000e-01,1.443e+01,1.509e+01,1.400e+01,0.000e+00,4.350e-01,0.000e+00,5.471e-02,3.800e+00,1.000e-01,1.470e+01,1.464e+01,1.469e+01,9.052e-03,4.597e-04,0.000e+00,4.00
9900,9900,54013,-6.198e+00,2.800e+00,0.000e+00,4.320e+00,9.518e+00,4.320e+00,2.702e-06,0.000e+00,1.000e+02,5.687e+00,2.100e+00,8.000e-01,8.343e+00,9.656e+00,8.343e+00,0.000e+00,2.111e-06,0.000e+00,7.610e+00,2.700e+00,2.000e-01,1.072e+01,4.213e+00,1.072e+01,0.000e+00,1.080e-03,0.000e+00,2.90
10000,10000,54685,-7.799e+00,4.000e+00,0.000e+00,7.794e+00,1.459e+01,7.794e+00,0.000e+00,0.000e+00,7.000e+01,3.033e+00,3.400e+00,6.000e-01,1.359e+01,1.555e+01,1.359e+01,0.000e+00,2.095e-04,0.000e+00,8.865e+00,3.900e+00,1.000e-01,1.560e+01,6.833e+00,1.560e+01,0.000e+00,3.464e-04,0.000e+00,4.00
10100,10100,55307,-6.796e+00,3.600e+00,1.000e-01,6.543e+00,1.344e+01,6.543e+00,3.235e-05,1.282e-08,9.000e+01,5.290e+00,3.000e+00,7.000e-01,1.329e+01,1.370e+01,1.200e+01,4.644e-01,8.290e-01,0.000e+00,7.307e+00,3.700e+00,1.000e-01,1.467e+01,7.366e+00,1.466e+01,7.763e-03,3.043e-03,0.000e+00,3.90
10200,10200,55990,-9.313e+00,3.900e+00,2.000e-01,5.807e+00,1.502e+01,5.807e+00,2.939e-05,1.840e-07,5.000e+01,1.026e+01,3.800e+00,4.000e-01,1.520e+01,7.942e+00,1.520e+01,0.000e+00,6.402e-04,0.000e+00,8.570e-01,4.100e+00,1.000e-01,1.524e+01,1.328e+01,1.524e+01,0.000e+00,3.698e-05,0.000e+00,4.20
10300,10300,56664,-2.680e+00,3.000e+00,4.000e-01,6.663e+00,1.264e+01,6.663e+00,0.000e+00,6.580e-07,8.000e+01,7.560e+00,3.000e+00,4.000e-01,1.201e+01,7.455e+00,1.200e+01,0.000e+00,1.643e-02,0.000e+00,4.205e-01,3.400e+00,0.000e+00,1.321e+01,1.179e+01,1.321e+01,0.000e+00,0.000e+00,0.000e+00,3.40
10400,10400,57356,1.819e+00,3.500e+00,2.000e-01,8.426e+00,7.707e+00,8.426e+00,0.000e+00,3.538e-07,6.000e+01,7.059e+00,3.400e+00,3.000e-01,1.361e+01,8.556e+00,1.360e+01,0.000e+00,1.579e-02,0.000e+00,-5.678e+00,3.600e+00,1.000e-01,7.858e+00,1.364e+01,7.858e+00,0.000e+00,7.184e-07,0.000e+00,3.70
10500,10500,58054,2.843e+00,2.500e+00,3.000e-01,5.356e+00,4.812e+00,5.355e+00,1.998e-04,1.196e-06,1.000e+02,8.513e+00,2.400e+00,6.000e-01,9.570e+00,6.058e+00,9.570e+00,0.000e+00,5.077e-04,0.000e+00,-3.956e+00,2.900e+00,1.000e-01,5.100e+00,9.156e+00,5.100e+00,0.000e+00,2.003e-08,0.000e+00,3.00
10600,10600,58704,1.643e+00,3.600e+00,2.000e-01,8.122e+00,6.379e+00,8.122e+00,1.407e-04,5.175e-06,6.000e+01,8.226e+00,3.400e+00,6.000e-01,1.286e+01,7.438e+00,1.286e+01,0.000e+00,6.946e-09,0.000e+00,-7.169e+00,3.800e+00,2.000e-01,6.280e+00,1.345e+01,6.280e+00,0.000e+00,2.810e-08,0.000e+00,4.00
10700,10700,59355,2.493e+00,3.100e+00,3.000e-01,7.394e+00,5.801e+00,7.387e+00,0.000e+00,6.886e-03,9.000e+01,9.144e+00,2.900e+00,5.000e-01,1.154e+01,6.400e+00,1.154e+01,0.000e+00,0.000e+00,0.000e+00,-5.537e+00,3.100e+00,2.000e-01,5.043e+00,1.178e+01,5.043e+00,3.275e-06,6.502e-08,0.000e+00,3.40
10800,10800,59986,2.629e+00,3.200e+00,2.000e-01,7.957e+00,5.028e+00,7.955e+00,1.217e-03,8.467e-06,9.000e+01,9.002e+00,2.600e+00,9.000e-01,9.988e+00,7.786e+00,9.988e+00,0.000e+00,1.447e-08,0.000e+00,-6.131e+00,3.500e+00,0.000e+00,6.049e+00,1.118e+01,6.049e+00,0.000e+00,0.000e+00,0.000e+00,3.50
10900,10900,60620,2.496e+00,3.700e+00,2.000e-01,9.317e+00,6.621e+00,9.317e+00,0.000e+00,4.234e-04,7.000e+01,8.831e+00,3.300e+00,6.000e-01,1.319e+01,9.355e+00,1.319e+01,0.000e+00,3.194e-07,0.000e+00,-7.728e+00,3.800e+00,0.000e+00,7.393e+00,1.392e+01,7.393e+00,3.369e-08,0.000e+00,0.000e+00,3.90
11000,11000,61229,6.031e+00,2.800e+00,5.000e-01,7.546e+00,5.615e+00,7.393e+00,0.000e+00,1.525e-01,1.000e+02,7.739e+00,2.800e+00,5.000e-01,1.113e+01,7.392e+00,1.113e+01,0.000e+00,5.727e-06,0.000e+00,-6.671e+00,3.300e+00,0.000e+00,5.613e+00,1.128e+01,5.613e+00,0.000e+00,0.000e+00,0.000e+00,3.30
11100,11100,61767,6.104e+00,1.500e+00,7.000e-01,4.011e+00,4.207e+00,4.011e+00,0.000e+00,1.312e-06,9.000e+01,4.777e+00,2.100e+00,1.000e-01,8.386e+00,3.610e+00,8.386e+00,0.000e+00,2.456e-06,0.000e+00,-4.481e+00,2.000e+00,1.000e-01,2.603e+00,7.184e+00,2.603e+00,2.742e-06,1.328e-08,0.000e+00,2.20
11200,11200,62305,4.679e+00,2.300e+00,1.100e+00,6.009e+00,5.830e+00,5.987e+00,2.146e-02,4.196e-05,8.000e+01,5.695e+00,3.000e+00,6.000e-01,1.175e+01,6.657e+00,1.175e+01,0.000e+00,2.525e-05,0.000e+00,-6.374e+00,3.400e+00,1.000e-01,5.283e+00,1.056e+01,5.283e+00,7.558e-06,0.000e+00,0.000e+00,3.60
11300,11300,62827,6.831e+00,1.600e+00,9.000e-01,5.053e+00,4.222e+00,5.012e+00,0.000e+00,4.073e-02,1.000e+02,3.422e+00,2.200e+00,3.000e-01,8.388e+00,4.766e+00,8.388e+00,0.000e+00,1.952e-06,0.000e+00,-3.353e+00,2.300e+00,2.000e-01,2.977e+00,7.429e+00,2.977e+00,0.000e+00,1.708e-07,0.000e+00,2.50
11400,11400,63337,7.614e+00,1.100e+00,1.100e+00,4.016e+00,4.502e+00,4.007e+00,0.000e+00,9.495e-03,1.000e+02,2.721e+00,2.200e+00,0.000e+00,8.793e+00,5.073e+00,8.793e+00,0.000e+00,0.000e+00,0.000e+00,-3.435e+00,1.900e+00,3.000e-01,3.174e+00,6.409e+00,3.167e+00,0.000e+00,7.175e-03,0.000e+00,2.20
11500,11500,63806,4.300e+00,1.200e+00,5.000e-01,4.805e+00,4.605e+00,4.800e+00,0.000e+00,5.098e-03,1.000e+02,1.416e+00,1.600e+00,1.000e-01,6.396e+00,4.979e+00,6.396e+00,0.000e+00,0.000e+00,0.000e+00,1.683e+00,1.300e+00,4.000e-01,3.981e+00,5.597e+00,3.975e+00,0.000e+00,5.544e-03,0.000e+00,1.70
11600,11600,64306,3.386e+00,1.500e+00,6.000e-01,6.230e+00,6.744e+00,6.000e+00,0.000e+00,2.306e-01,1.000e+02,1.778e+00,2.100e+00,0.000e+00,8.387e+00,5.608e+00,8.387e+00,0.000e+00,0.000e+00,0.000e+00,1.936e+00,1.400e+00,6.000e-01,4.934e+00,7.198e+00,4.898e+00,3.528e-02,2.537e-04,0.000e+00,2.10
11700,11700,64787,2.785e+00,1.400e+00,5.000e-01,5.884e+00,6.999e+00,5.599e+00,2.011e-01,8.393e-02,1.000e+02,9.073e-01,2.000e+00,0.000e+00,7.986e+00,6.079e+00,7.986e+00,0.000e+00,0.000e+00,0.000e+00,3.708e+00,1.500e+00,5.000e-01,5.997e+00,6.789e+00,5.996e+00,0.000e+00,6.131e-04,0.000e+00,2.00
11800,11800,65271,2.389e+00,1.900e+00,6.000e-01,7.385e+00,8.995e+00,7.385e+00,0.000e+00,7.789e-05,9.000e+01,1.493e+00,2.200e+00,3.000e-01,8.790e+00,8.197e+00,8.790e+00,0.000e+00,1.213e-06,0.000e+00,2.217e+00,2.300e+00,2.000e-01,9.195e+00,8.177e+00,9.195e+00,0.000e+00,4.224e-06,0.000e+00,2.50
11900,11900,65757,2.720e+00,1.300e+00,7.000e-01,4.816e+00,6.997e+00,4.816e+00,0.000e+00,4.176e-05,1.000e+02,1.596e+00,2.000e+00,0.000e+00,7.994e+00,5.398e+00,7.994e+00,0.000e+00,0.000e+00,0.000e+00,2.784e+00,1.500e+00,5.000e-01,6.000e+00,6.416e+00,6.000e+00,0.000e+00,1.098e-04,0.000e+00,2.00
12000,12000,66293,8.047e-01,2.200e+00,6.000e-01,8.789e+00,8.784e+00,8.788e+00,0.000e+00,7.629e-04,7.000e+01,1.271e+00,2.600e+00,2.000e-01,1.038e+01,8.005e+00,1.038e+01,0.000e+00,0.000e+00,0.000e+00,1.624e+00,1.900e+00,9.000e-01,7.215e+00,9.591e+00,7.215e+00,0.000e+00,3.758e-04,0.000e+00,2.80
12100,12100,66786,3.499e+00,1.800e+00,8.000e-01,7.280e+00,8.482e+00,6.801e+00,0.000e+00,4.793e-01,9.000e+01,1.957e-01,2.400e+00,2.000e-01,8.997e+00,7.401e+00,8.996e+00,0.000e+00,3.657e-04,0.000e+00,1.606e+00,2.200e+00,4.000e-01,8.087e+00,8.481e+00,8.087e+00,0.000e+00,8.340e-06,0.000e+00,2.60
12200,12200,67341,2.196e+00,3.000e+00,5.000e-01,1.200e+01,1.380e+01,1.200e+01,0.000e+00,7.176e-06,6.000e+01,2.017e-01,3.500e+00,0.000e+00,1.400e+01,1.280e+01,1.400e+01,0.000e+00,0.000e+00,0.000e+00,7.019e-01,3.400e+00,1.000e-01,1.360e+01,1.300e+01,1.360e+01,0.000e+00,1.679e-06,0.000e+00,3.50
12300,12300,67962,3.305e+00,2.400e+00,6.000e-01,9.597e+00,1.139e+01,9.597e+00,0.000e+00,2.882e-06,9.000e+01,1.993e+00,2.700e+00,3.000e-01,1.079e+01,1.080e+01,1.079e+01,0.000e+00,1.556e-04,0.000e+00,8.018e-01,3.000e+00,0.000e+00,1.200e+01,1.020e+01,1.200e+01,0.000e+00,0.000e+00,0.000e+00,3.00
12400,12400,68629,1.014e+00,3.500e+00,0.000e+00,1.400e+01,1.198e+01,1.400e+01,0.000e+00,0.000e+00,1.000e+02,4.590e+00,2.600e+00,9.000e-01,1.038e+01,1.379e+01,1.038e+01,0.000e+00,7.800e-04,0.000e+00,1.395e+00,3.400e+00,1.000e-01,1.359e+01,1.220e+01,1.359e+01,0.000e+00,1.451e-07,0.000e+00,3.50
12500,12500,69280,2.193e+00,2.700e+00,3.000e-01,1.078e+01,1.059e+01,1.078e+01,0.000e+00,0.000e+00,1.000e+02,4.582e-01,2.400e+00,6.000e-01,6.602e+00,1.114e+01,6.602e+00,0.000e+00,1.431e-07,0.000e+00,4.449e+00,2.900e+00,1.000e-01,1.155e+01,7.201e+00,1.155e+01,0.000e+00,1.530e-08,0.000e+00,3.00
12600,12600,69905,2.415e+00,2.500e+00,3.000e-01,9.997e+00,9.682e+00,9.997e+00,0.000e+00,1.285e-07,1.000e+02,-1.648e+00,2.300e+00,5.000e-01,4.531e+00,1.018e+01,4.531e+00,0.000e+00,5.596e-08,0.000e+00,6.433e+00,2.600e+00,2.000e-01,1.038e+01,5.043e+00,1.038e+01,0.000e+00,5.813e-09,0.000e+00,2.80
12700,12700,70509,1.002e+00,3.300e+00,0.000e+00,1.319e+01,1.119e+01,1.319e+01,0.000e+00,0.000e+00,1.000e+02,-1.376e+00,2.600e+00,7.000e-01,5.219e+00,1.260e+01,5.219e+00,0.000e+00,3.853e-06,0.000e+00,7.475e+00,3.000e+00,3.000e-01,1.199e+01,6.620e+00,1.199e+01,0.000e+00,2.234e-07,0.000e+00,3.30
12800,12800,71101,-1.866e-01,3.300e+00,1.000e-01,1.278e+01,1.177e+01,1.278e+01,0.000e+00,0.000e+00,1.000e+02,-6.773e-01,2.400e+00,9.000e-01,5.392e+00,1.277e+01,4.809e+00,1.981e-01,3.846e-01,0.000e+00,7.464e+00,3.200e+00,2.000e-01,1.275e+01,6.389e+00,1.275e+01,0.000e+00,1.587e-05,0.000e+00,3.40
12900,12900,71753,6.493e-01,2.700e+00,2.000e-01,1.038e+01,9.527e+00,1.038e+01,0.000e+00,0.000e+00,1.000e+02,1.441e-01,2.000e+00,9.000e-01,4.007e+00,1.076e+01,4.007e+00,0.000e+00,0.000e+00,0.000e+00,6.007e+00,2.800e+00,1.000e-01,1.109e+01,5.186e+00,1.109e+01,0.000e+00,7.023e-09,0.000e+00,2.90
13000,13000,72354,9.719e-01,2.900e+00,0.000e+00,1.156e+01,9.592e+00,1.156e+01,0.000e+00,0.000e+00,1.000e+02,7.025e-01,2.000e+00,9.000e-01,4.002e+00,1.140e+01,4.002e+00,0.000e+00,0.000e+00,0.000e+00,5.426e+00,2.800e+00,1.000e-01,1.120e+01,5.772e+00,1.120e+01,0.000e+00,2.045e-07,0.000e+00,2.90
13100,13100,73025,-1.440e+00,2.900e+00,0.000e+00,7.950e+00,8.390e+00,7.950e+00,0.000e+00,0.000e+00,9.000e+01,-8.072e-01,2.200e+00,7.000e-01,4.196e+00,9.803e+00,4.196e+00,0.000e+00,0.000e+00,0.000e+00,7.747e+00,2.400e+00,4.000e-01,8.198e+00,2.151e+00,8.198e+00,8.498e-04,7.617e-08,0.000e+00,2.90
13200,13200,73589,-3.932e+00,3.600e+00,0.000e+00,8.855e+00,1.179e+01,8.855e+00,0.000e+00,0.000e+00,1.000e+02,-4.737e-01,2.600e+00,1.000e+00,5.197e+00,1.357e+01,5.197e+00,0.000e+00,1.450e-06,0.000e+00,1.051e+01,3.100e+00,2.000e-01,1.296e+01,1.657e+00,1.200e+01,9.636e-01,5.735e-04,0.000e+00,3.60
13300,13300,74188,-2.382e+00,2.100e+00,4.000e-01,4.110e+00,8.393e+00,4.110e+00,0.000e+00,1.600e-07,1.000e+02,-7.718e-01,2.000e+00,5.000e-01,3.998e+00,7.670e+00,3.998e+00,0.000e+00,2.203e-06,0.000e+00,9.654e+00,2.000e+00,3.000e-01,7.986e+00,3.235e-02,7.581e+00,4.053e-01,1.354e-05,0.000e+00,2.50
13400,13400,74812,-3.922e+00,3.000e+00,1.000e-01,6.034e+00,1.006e+01,6.034e+00,0.000e+00,2.465e-07,1.000e+02,-2.134e+00,2.400e+00,7.000e-01,4.799e+00,1.063e+01,4.799e+00,0.000e+00,0.000e+00,0.000e+00,1.256e+01,2.500e+00,4.000e-01,9.891e+00,3.433e-02,9.574e+00,3.167e-01,4.179e-06,0.000e+00,3.10
13500,13500,75385,-4.356e+00,2.600e+00,2.000e-01,5.005e+00,9.161e+00,5.005e+00,0.000e+00,0.000e+00,1.000e+02,3.120e-01,1.900e+00,9.000e-01,3.800e+00,1.039e+01,3.800e+00,0.000e+00,1.483e-07,0.000e+00,1.074e+01,2.700e+00,1.000e-01,1.075e+01,5.237e-03,1.075e+01,0.000e+00,2.994e-07,0.000e+00,2.80
13600,13600,76011,-4.391e+00,3.100e+00,0.000e+00,6.205e+00,9.596e+00,6.205e+00,0.000e+00,0.000e+00,9.000e+01,-1.283e+00,2.200e+00,9.000e-01,4.400e+00,1.158e+01,4.400e+00,0.000e+00,9.995e-07,0.000e+00,1.147e+01,2.700e+00,4.000e-01,1.058e+01,5.185e-03,1.058e+01,0.000e+00,6.523e-09,0.000e+00,3.10
13700,13700,76578,-3.358e+00,3.300e+00,0.000e+00,6.605e+00,8.963e+00,6.605e+00,0.000e+00,0.000e+00,9.000e+01,2.220e+00,1.900e+00,1.300e+00,3.800e+00,9.181e+00,3.800e+00,0.000e+00,2.773e-04,0.000e+00,6.038e+00,2.900e+00,4.000e-01,7.743e+00,5.072e-03,7.743e+00,0.000e+00,0.000e+00,0.000e+00,3.30
13800,13800,77156,-3.561e+00,3.100e+00,1.000e-01,6.004e+00,8.366e+00,6.004e+00,0.000e+00,0.000e+00,9.000e+01,6.169e-01,1.900e+00,1.300e+00,3.800e+00,1.098e+01,3.800e+00,0.000e+00,4.326e-07,0.000e+00,8.044e+00,2.700e+00,5.000e-01,9.549e+00,4.921e-03,9.549e+00,0.000e+00,3.505e-07,0.000e+00,3.20
13900,13900,77721,-1.317e+00,1.900e+00,3.000e-01,3.803e+00,7.320e+00,3.803e+00,0.000e+00,6.938e-08,1.000e+02,-9.795e-01,1.800e+00,4.000e-01,3.604e+00,7.584e+00,3.600e+00,0.000e+00,4.236e-03,0.000e+00,9.597e+00,1.900e+00,3.000e-01,7.500e+00,2.899e-03,7.500e+00,0.000e+00,1.001e-06,0.000e+00,2.20
14000,14000,78273,-3.337e+00,2.400e+00,1.000e-01,4.802e+00,8.139e+00,4.802e+00,0.000e+00,0.000e+00,1.000e+02,2.107e-01,1.800e+00,7.000e-01,3.600e+00,9.389e+00,3.600e+00,0.000e+00,1.636e-06,0.000e+00,1.023e+01,2.300e+00,2.000e-01,9.129e+00,3.038e-03,9.129e+00,0.000e+00,4.217e-08,0.000e+00,2.50
14100,14100,78869,-6.136e-01,2.700e+00,1.000e-01,5.402e+00,6.015e+00,5.402e+00,0.000e+00,0.000e+00,1.000e+02,1.288e+00,1.900e+00,9.000e-01,4.129e+00,1.084e+01,3.800e+00,0.000e+00,3.290e-01,0.000e+00,6.325e+00,2.800e+00,0.000e+00,7.328e+00,2.073e-03,7.328e+00,0.000e+00,0.000e+00,0.000e+00,2.80
14200,14200,79444,2.365e+00,2.300e+00,4.000e-01,4.402e+00,3.938e+00,4.402e+00,0.000e+00,7.310e-09,1.000e+02,5.988e-03,1.900e+00,8.000e-01,3.800e+00,9.694e+00,3.800e+00,0.000e+00,9.780e-06,0.000e+00,4.430e+00,2.700e+00,0.000e+00,5.432e+00,2.485e-03,5.432e+00,0.000e+00,0.000e+00,0.000e+00,2.70
14300,14300,80010,2.528e-01,2.500e+00,2.000e-01,4.800e+00,4.347e+00,4.800e+00,0.000e+00,0.000e+00,1.000e+02,4.479e-01,1.700e+00,9.000e-01,3.533e+00,9.885e+00,3.400e+00,1.287e-01,3.996e-03,0.000e+00,5.999e+00,2.600e+00,1.000e-01,5.902e+00,2.497e-03,5.902e+00,0.000e+00,0.000e+00,0.000e+00,2.70
14400,14400,80591,2.544e+00,2.100e+00,3.000e-01,4.201e+00,3.657e+00,4.201e+00,0.000e+00,0.000e+00,1.000e+02,-1.929e-01,1.800e+00,6.000e-01,3.598e+00,8.791e+00,3.598e+00,0.000e+00,0.000e+00,0.000e+00,4.649e+00,2.300e+00,1.000e-01,4.652e+00,2.728e-03,4.652e+00,0.000e+00,0.000e+00,0.000e+00,2.40
14500,14500,81139,3.456e+00,1.700e+00,5.000e-01,3.202e+00,2.846e+00,3.202e+00,0.000e+00,9.552e-09,1.000e+02,4.143e-01,1.400e+00,8.000e-01,2.800e+00,7.185e+00,2.800e+00,0.000e+00,0.000e+00,0.000e+00,2.830e+00,2.100e+00,1.000e-01,4.032e+00,1.931e-03,4.032e+00,0.000e+00,2.166e-08,0.000e+00,2.20
14600,14600,81673,1.116e+00,2.200e+00,5.000e-01,3.621e+00,2.804e+00,3.621e+00,3.407e-06,5.035e-09,9.000e+01,4.263e-01,1.400e+00,1.300e+00,2.800e+00,7.973e+00,2.800e+00,0.000e+00,0.000e+00,0.000e+00,2.957e+00,2.300e+00,4.000e-01,4.360e+00,2.776e-03,4.360e+00,0.000e+00,4.615e-07,0.000e+00,2.80
14700,14700,82216,3.602e+00,1.900e+00,5.000e-01,3.601e+00,2.999e+00,3.601e+00,0.000e+00,6.895e-09,1.000e+02,-4.719e-01,1.600e+00,8.000e-01,2.994e+00,7.066e+00,2.994e+00,0.000e+00,0.000e+00,0.000e+00,3.070e+00,2.100e+00,3.000e-01,3.471e+00,1.291e-03,3.471e+00,0.000e+00,0.000e+00,0.000e+00,2.40
14800,14800,82727,2.696e+00,1.700e+00,6.000e-01,3.002e+00,3.006e+00,3.002e+00,0.000e+00,0.000e+00,1.000e+02,4.215e-01,1.500e+00,8.000e-01,3.000e+00,7.378e+00,3.000e+00,0.000e+00,0.000e+00,0.000e+00,3.382e+00,2.300e+00,0.000e+00,4.384e+00,1.811e-03,4.384e+00,0.000e+00,0.000e+00,0.000e+00,2.30
14900,14900,83262,4.472e+00,1.200e+00,5.000e-01,2.402e+00,2.430e+00,2.402e+00,0.000e+00,1.707e-08,1.000e+02,6.906e-01,1.200e+00,5.000e-01,2.400e+00,5.709e+00,2.400e+00,0.000e+00,0.000e+00,0.000e+00,2.338e+00,1.700e+00,0.000e+00,3.340e+00,1.766e-03,3.340e+00,0.000e+00,0.000e+00,0.000e+00,1.70
15000,15000,83757,-1.224e+00,2.200e+00,1.000e+00,3.213e+00,2.037e+00,3.213e+00,0.000e+00,0.000e+00,8.000e+01,4.473e-01,1.000e+00,2.100e+00,2.000e+00,7.853e+00,2.000e+00,5.863e-06,0.000e+00,0.000e+00,2.877e+00,2.800e+00,3.000e-01,4.690e+00,1.312e-02,4.690e+00,9.320e-06,1.301e-08,0.000e+00,3.20
15100,15100,84264,3.379e+00,1.900e+00,4.000e-01,5.048e+00,2.469e+00,5.048e+00,0.000e+00,3.832e-08,1.000e+02,1.822e+00,1.200e+00,1.000e+00,2.545e+00,7.423e+00,2.545e+00,1.191e-05,1.194e-08,0.000e+00,1.299e+00,2.200e+00,0.000e+00,4.093e+00,1.794e+00,4.093e+00,3.690e-07,0.000e+00,0.000e+00,2.30
15200,15200,84751,4.626e+00,2.200e+00,3.000e-01,6.060e+00,3.634e+00,6.060e+00,0.000e+00,2.256e-08,1.000e+02,5.413e+00,1.800e+00,7.000e-01,3.871e+00,4.458e+00,3.871e+00,0.000e+00,0.000e+00,0.000e+00,-2.839e+00,2.500e+00,0.000e+00,9.144e-02,1.931e+00,9.144e-02,0.000e+00,0.000e+00,0.000e+00,2.50
15300,15300,85259,6.439e+00,2.100e+00,4.000e-01,8.088e+00,3.448e+00,8.088e+00,0.000e+00,1.141e-04,1.000e+02,5.415e+00,1.700e+00,8.000e-01,3.428e+00,4.013e+00,3.428e+00,0.000e+00,4.996e-08,0.000e+00,-5.055e+00,2.500e+00,0.000e+00,6.086e-02,4.116e+00,6.086e-02,0.000e+00,0.000e+00,0.000e+00,2.50
15400,15400,85764,4.464e+00,1.500e+00,5.000e-01,5.199e+00,2.734e+00,5.199e+00,0.000e+00,1.420e-05,1.000e+02,4.041e+00,1.400e+00,6.000e-01,2.748e+00,2.606e+00,2.748e+00,0.000e+00,0.000e+00,0.000e+00,-1.506e+00,1.700e+00,3.000e-01,2.481e-02,2.631e+00,2.481e-02,0.000e+00,0.000e+00,0.000e+00,2.00
15500,15500,86272,5.795e+00,1.700e+00,3.000e-01,6.803e+00,3.208e+00,6.797e+00,5.473e-03,6.618e-08,1.000e+02,3.867e+00,1.600e+00,5.000e-01,3.285e+00,3.418e+00,3.285e+00,0.000e+00,0.000e+00,0.000e+00,-2.362e+00,1.900e+00,2.000e-01,2.609e-02,3.488e+00,2.609e-02,0.000e+00,0.000e+00,0.000e+00,2.10
15600,15600,86752,4.527e+00,2.400e+00,2.000e-01,8.798e+00,3.071e+00,8.798e+00,0.000e+00,5.804e-08,1.000e+02,6.093e+00,1.500e+00,9.000e-01,3.093e+00,4.899e+00,3.091e+00,1.327e-03,3.385e-07,0.000e+00,-3.920e+00,2.400e+00,2.000e-01,6.429e-01,4.563e+00,6.429e-01,0.000e+00,0.000e+00,0.000e+00,2.60
15700,15700,87160,6.197e+00,1.800e+00,2.000e-01,7.197e+00,2.201e+00,7.197e+00,0.000e+00,6.632e-08,1.000e+02,3.601e+00,1.100e+00,8.000e-01,2.290e+00,5.588e+00,2.290e+00,6.572e-06,0.000e+00,0.000e+00,-2.698e+00,2.000e+00,0.000e+00,1.989e+00,3.687e+00,1.989e+00,0.000e+00,0.000e+00,0.000e+00,2.00
15800,15800,87609,4.700e+00,1.500e+00,5.000e-01,5.001e+00,2.001e+00,4.812e+00,1.889e-01,1.168e-07,1.000e+02,1.960e+00,1.000e+00,1.100e+00,2.106e+00,5.846e+00,2.106e+00,0.000e+00,0.000e+00,0.000e+00,-4.601e-01,2.000e+00,1.000e-01,3.064e+00,2.324e+00,3.064e+00,0.000e+00,0.000e+00,0.000e+00,2.10
15900,15900,88044,3.823e+00,1.900e+00,1.000e-01,7.135e+00,2.213e+00,7.135e+00,0.000e+00,0.000e+00,1.000e+02,4.852e+00,1.100e+00,9.000e-01,2.280e+00,5.428e+00,2.280e+00,0.000e+00,0.000e+00,0.000e+00,-1.774e+00,1.800e+00,2.000e-01,1.844e+00,3.618e+00,1.844e+00,0.000e+00,9.743e-08,0.000e+00,2.00
16000,16000,88470,5.531e-01,1.800e+00,2.000e-01,6.394e+00,4.541e+00,6.394e+00,0.000e+00,3.961e-09,1.000e+02,2.117e+00,1.200e+00,8.000e-01,2.599e+00,6.382e+00,2.599e+00,0.000e+00,4.994e-04,0.000e+00,4.130e+00,1.600e+00,4.000e-01,5.327e+00,3.397e+00,5.327e+00,0.000e+00,1.174e-06,0.000e+00,2.00
16100,16100,88897,-1.301e+00,1.800e+00,4.000e-01,4.599e+00,5.400e+00,4.599e+00,0.000e+00,0.000e+00,1.000e+02,3.111e+00,1.000e+00,1.200e+00,3.501e+00,5.990e+00,3.501e+00,0.000e+00,4.511e-05,0.000e+00,4.290e+00,1.800e+00,4.000e-01,6.799e+00,3.510e+00,6.799e+00,0.000e+00,1.213e-04,0.000e+00,2.20
16200,16200,89303,1.695e+00,1.300e+00,4.000e-01,4.794e+00,5.200e+00,4.794e+00,0.000e+00,2.375e-06,1.000e+02,3.106e+00,9.000e-01,8.000e-01,2.882e+00,5.776e+00,2.882e+00,0.000e+00,1.164e-05,0.000e+00,2.299e+00,1.700e+00,0.000e+00,6.775e+00,3.476e+00,6.775e+00,0.000e+00,0.000e+00,0.000e+00,1.70
16300,16300,89736,1.700e+00,1.900e+00,1.000e-01,7.599e+00,5.999e+00,7.599e+00,0.000e+00,6.564e-06,1.000e+02,3.867e+00,1.000e+00,1.000e+00,3.336e+00,7.369e+00,3.336e+00,0.000e+00,1.211e-05,0.000e+00,1.233e+00,1.900e+00,0.000e+00,7.568e+00,5.135e+00,7.369e+00,1.997e-01,0.000e+00,0.000e+00,2.00
16400,16400,90121,7.240e-01,1.500e+00,2.000e-01,5.624e+00,4.800e+00,5.622e+00,0.000e+00,1.269e-03,1.000e+02,2.917e+00,1.000e+00,7.000e-01,3.643e+00,5.626e+00,3.643e+00,0.000e+00,9.587e-06,0.000e+00,3.459e+00,1.400e+00,3.000e-01,5.600e+00,4.441e+00,5.600e+00,0.000e+00,1.442e-05,0.000e+00,1.70
16500,16500,90527,9.983e-01,1.800e+00,0.000e+00,7.197e+00,5.199e+00,7.197e+00,0.000e+00,0.000e+00,1.000e+02,3.392e+00,1.100e+00,7.000e-01,3.990e+00,6.599e+00,3.990e+00,0.000e+00,5.944e-04,0.000e+00,2.910e+00,1.500e+00,3.000e-01,5.998e+00,5.388e+00,5.998e+00,0.000e+00,1.182e-05,0.000e+00,1.80
16600,16600,90938,1.492e+00,1.500e+00,1.000e-01,5.991e+00,4.599e+00,5.991e+00,0.000e+00,2.383e-08,1.000e+02,3.140e+00,1.000e+00,6.000e-01,3.739e+00,5.599e+00,3.739e+00,0.000e+00,6.977e-06,0.000e+00,2.768e+00,1.300e+00,3.000e-01,5.199e+00,4.730e+00,5.199e+00,0.000e+00,5.880e-06,0.000e+00,1.60
16700,16700,91330,7.988e-01,1.600e+00,2.000e-01,5.990e+00,5.191e+00,5.990e+00,0.000e+00,1.038e-07,1.000e+02,3.771e+00,1.100e+00,7.000e-01,3.759e+00,5.988e+00,3.759e+00,0.000e+00,3.881e-06,0.000e+00,2.530e+00,1.500e+00,3.000e-01,5.988e+00,4.558e+00,5.988e+00,0.000e+00,2.772e-06,0.000e+00,1.80
16800,16800,91741,3.681e+00,1.000e+00,6.000e-01,3.579e+00,4.198e+00,3.579e+00,0.000e+00,4.247e-07,1.000e+02,1.188e+00,1.100e+00,5.000e-01,3.188e+00,3.800e+00,3.188e+00,0.000e+00,8.178e-04,0.000e+00,2.030e+00,1.200e+00,4.000e-01,3.997e+00,2.767e+00,3.997e+00,0.000e+00,4.928e-06,0.000e+00,1.60
16900,16900,92137,1.550e+00,1.900e+00,0.000e+00,7.548e+00,4.998e+00,7.548e+00,0.000e+00,0.000e+00,1.000e+02,3.393e+00,1.100e+00,8.000e-01,4.093e+00,6.600e+00,4.093e+00,0.000e+00,5.698e-04,0.000e+00,2.056e+00,1.500e+00,4.000e-01,5.598e+00,5.641e+00,5.598e+00,0.000e+00,5.559e-06,0.000e+00,1.90
17000,17000,92538,8.895e-01,1.600e+00,0.000e+00,6.289e+00,4.399e+00,6.289e+00,0.000e+00,0.000e+00,1.000e+02,3.310e+00,1.000e+00,6.000e-01,3.910e+00,5.599e+00,3.910e+00,0.000e+00,3.553e-06,0.000e+00,3.200e+00,1.200e+00,4.000e-01,4.799e+00,4.999e+00,4.799e+00,0.000e+00,2.276e-06,0.000e+00,1.60
17100,17100,92933,1.547e+00,1.500e+00,0.000e+00,5.947e+00,3.400e+00,5.947e+00,0.000e+00,0.000e+00,1.000e+02,2.940e+00,9.000e-01,6.000e-01,3.539e+00,4.599e+00,3.539e+00,0.000e+00,1.052e-05,0.000e+00,2.813e+00,9.000e-01,6.000e-01,3.199e+00,4.686e+00,3.199e+00,0.000e+00,4.936e-06,0.000e+00,1.50
17200,17200,93334,8.954e-02,1.500e+00,1.000e-01,5.489e+00,4.199e+00,5.489e+00,0.000e+00,6.505e-08,1.000e+02,2.848e+00,1.000e+00,6.000e-01,3.948e+00,5.000e+00,3.948e+00,0.000e+00,2.347e-04,0.000e+00,4.262e+00,1.100e+00,5.000e-01,4.400e+00,4.638e+00,4.400e+00,0.000e+00,1.244e-05,0.000e+00,1.60
17300,17300,93722,1.330e+00,1.400e+00,2.000e-01,5.531e+00,4.201e+00,5.531e+00,0.000e+00,0.000e+00,1.000e+02,3.165e+00,1.100e+00,5.000e-01,3.960e+00,4.795e+00,3.959e+00,0.000e+00,1.178e-03,0.000e+00,2.804e+00,1.100e+00,5.000e-01,4.000e+00,4.496e+00,4.000e+00,0.000e+00,2.762e-05,0.000e+00,1.60
17400,17400,94112,4.793e-01,1.800e+00,3.000e-01,5.980e+00,4.200e+00,5.980e+00,0.000e+00,3.495e-09,9.000e+01,2.512e+00,9.000e-01,1.100e+00,3.312e+00,5.599e+00,3.311e+00,2.400e-04,3.784e-04,0.000e+00,2.508e+00,1.300e+00,8.000e-01,4.800e+00,4.292e+00,4.800e+00,0.000e+00,5.504e-04,0.000e+00,2.10
17500,17500,94509,1.635e+00,2.000e+00,3.000e-01,7.147e+00,5.212e+00,7.147e+00,0.000e+00,4.538e-09,1.000e+02,3.372e+00,1.200e+00,1.100e+00,4.141e+00,6.569e+00,4.137e+00,0.000e+00,3.302e-03,0.000e+00,1.193e+00,1.700e+00,6.000e-01,5.780e+00,5.287e+00,5.779e+00,0.000e+00,1.050e-03,0.000e+00,2.30
17600,17600,94877,2.059e+00,1.300e+00,1.000e-01,5.161e+00,3.202e+00,5.161e+00,0.000e+00,4.159e-09,1.000e+02,1.843e+00,1.000e+00,4.000e-01,3.742e+00,3.800e+00,3.740e+00,0.000e+00,1.987e-03,0.000e+00,3.498e+00,7.000e-01,7.000e-01,2.400e+00,4.302e+00,2.400e+00,0.000e+00,8.568e-05,0.000e+00,1.40
17700,17700,95256,6.546e-01,1.600e+00,2.000e-01,5.954e+00,5.199e+00,5.954e+00,0.000e+00,0.000e+00,1.000e+02,3.452e+00,1.000e+00,8.000e-01,3.750e+00,6.198e+00,3.749e+00,0.000e+00,1.380e-03,0.000e+00,2.894e+00,1.600e+00,2.000e-01,6.400e+00,4.706e+00,6.400e+00,0.000e+00,2.797e-05,0.000e+00,1.80
17800,17800,95649,-1.902e-01,1.300e+00,3.000e-01,3.520e+00,3.610e+00,3.520e+00,0.000e+00,3.462e-08,1.000e+02,2.266e+00,1.100e+00,5.000e-01,3.164e+00,3.798e+00,3.159e+00,0.000e+00,5.065e-03,0.000e+00,5.024e+00,8.000e-01,8.000e-01,3.200e+00,2.475e+00,3.200e+00,0.000e+00,7.070e-06,0.000e+00,1.60
17900,17900,96029,-1.534e+00,1.700e+00,0.000e+00,4.438e+00,4.972e+00,4.438e+00,0.000e+00,0.000e+00,1.000e+02,2.741e+00,1.200e+00,5.000e-01,4.535e+00,5.794e+00,4.358e+00,0.000e+00,1.772e-01,0.000e+00,6.292e+00,1.200e+00,5.000e-01,4.789e+00,2.997e+00,4.789e+00,0.000e+00,4.250e-06,0.000e+00,1.70
18000,18000,96398,-2.933e-01,1.400e+00,1.000e-01,3.304e+00,3.697e+00,3.304e+00,0.000e+00,7.069e-09,1.000e+02,2.356e+00,1.000e+00,5.000e-01,3.856e+00,4.400e+00,3.758e+00,0.000e+00,9.757e-02,0.000e+00,5.237e+00,9.000e-01,6.000e-01,3.200e+00,2.263e+00,3.200e+00,0.000e+00,5.626e-05,0.000e+00,1.50
18100,18100,96744,-1.180e+00,1.600e+00,1.000e-01,4.703e+00,4.782e+00,4.703e+00,0.000e+00,7.844e-09,1.000e+02,3.840e+00,1.100e+00,6.000e-01,4.740e+00,4.800e+00,3.958e+00,0.000e+00,7.823e-01,0.000e+00,4.339e+00,1.000e+00,7.000e-01,3.602e+00,3.462e+00,3.601e+00,0.000e+00,8.168e-04,0.000e+00,1.70
18200,18200,97095,1.865e-01,1.200e+00,1.000e-01,4.074e+00,2.787e+00,4.074e+00,0.000e+00,0.000e+00,1.000e+02,2.498e+00,1.100e+00,2.000e-01,4.081e+00,2.583e+00,3.958e+00,0.000e+00,1.234e-01,0.000e+00,4.916e+00,3.000e-01,9.000e-01,8.644e-01,3.649e+00,8.000e-01,6.428e-02,1.519e-04,0.000e+00,1.30
18300,18300,97452,-1.196e+00,1.600e+00,2.000e-01,4.276e+00,4.272e+00,4.276e+00,0.000e+00,0.000e+00,1.000e+02,3.394e+00,1.200e+00,6.000e-01,4.042e+00,4.548e+00,3.969e+00,0.000e+00,7.311e-02,0.000e+00,4.602e+00,1.000e+00,8.000e-01,3.600e+00,3.098e+00,3.600e+00,0.000e+00,4.753e-05,0.000e+00,1.80
18400,18400,97791,-6.013e-02,1.300e+00,2.000e-01,3.281e+00,2.041e+00,3.281e+00,0.000e+00,7.680e-05,1.000e+02,1.445e+00,1.000e+00,4.000e-01,3.755e+00,2.210e+00,3.755e+00,1.021e-04,3.706e-05,0.000e+00,5.915e+00,1.000e-01,1.300e+00,5.713e-02,2.842e+00,0.000e+00,5.706e-02,6.415e-05,0.000e+00,1.50
18500,18500,98114,-1.955e+00,1.400e+00,0.000e+00,2.453e+00,3.408e+00,2.453e+00,0.000e+00,0.000e+00,1.000e+02,2.390e+00,1.000e+00,4.000e-01,3.933e+00,3.443e+00,3.924e+00,0.000e+00,8.234e-03,0.000e+00,6.965e+00,6.000e-01,7.000e-01,2.406e+00,1.941e+00,2.200e+00,2.061e-01,1.120e-04,0.000e+00,1.40
18600,18600,98503,-1.198e+00,2.100e+00,1.000e-01,3.432e+00,3.530e+00,3.432e+00,0.000e+00,0.000e+00,8.000e+01,1.030e+00,1.100e+00,1.100e+00,3.788e+00,4.558e+00,3.780e+00,0.000e+00,7.887e-03,0.000e+00,4.968e+00,8.000e-01,1.300e+00,2.525e+00,1.656e+00,2.326e+00,1.989e-01,9.817e-05,0.000e+00,2.20
18700,18700,98886,-5.448e+00,1.700e+00,0.000e+00,6.714e-03,4.455e+00,6.714e-03,0.000e+00,0.000e+00,1.000e+02,3.660e+00,1.200e+00,5.000e-01,3.662e+00,1.802e+00,3.162e+00,0.000e+00,4.999e-01,0.000e+00,8.989e+00,8.000e-01,9.000e-01,3.554e+00,9.657e-01,3.197e+00,0.000e+00,3.575e-01,0.000e+00,1.70
18800,18800,99233,-3.690e+00,1.100e+00,1.000e-01,7.414e-02,2.664e+00,7.414e-02,0.000e+00,0.000e+00,1.000e+02,2.954e+00,1.200e+00,0.000e+00,4.156e+00,2.015e-01,4.156e+00,0.000e+00,0.000e+00,0.000e+00,8.436e+00,1.000e-01,1.100e+00,4.647e-01,1.829e+00,4.000e-01,0.000e+00,6.466e-02,0.000e+00,1.20
18900,18900,99596,-4.812e+00,1.600e+00,0.000e+00,1.900e-01,4.002e+00,1.900e-01,1.979e-06,0.000e+00,1.000e+02,4.331e+00,1.300e+00,4.000e-01,4.634e+00,1.204e+00,4.433e+00,0.000e+00,2.019e-01,0.000e+00,7.882e+00,7.000e-01,1.000e+00,2.402e+00,2.020e+00,2.400e+00,0.000e+00,2.519e-03,0.000e+00,1.70
19000,19000,99980,-5.062e+00,1.600e+00,1.000e-01,5.934e-02,4.021e+00,5.934e-02,0.000e+00,0.000e+00,1.000e+02,5.122e+00,1.200e+00,5.000e-01,4.425e+00,1.203e+00,4.177e+00,0.000e+00,2.480e-01,0.000e+00,7.240e+00,7.000e-01,9.000e-01,2.574e+00,1.834e+00,2.400e+00,1.725e-01,1.303e-03,0.000e+00,1.70
19100,19100,100345,-2.951e+00,1.000e+00,0.000e+00,4.949e-02,2.000e+00,4.949e-02,0.000e+00,0.000e+00,1.000e+02,2.976e+00,1.000e+00,0.000e+00,3.976e+00,2.682e-04,3.976e+00,0.000e+00,0.000e+00,0.000e+00,7.975e+00,0.000e+00,1.000e+00,2.138e-04,2.025e+00,0.000e+00,0.000e+00,2.138e-04,0.000e+00,1.00
19200,19200,100680,-2.822e+00,1.200e+00,3.000e-01,6.925e-02,2.791e+00,6.925e-02,0.000e+00,0.000e+00,9.000e+01,2.178e+00,1.300e+00,2.000e-01,3.778e+00,4.002e-01,3.778e+00,0.000e+00,0.000e+00,0.000e+00,6.945e+00,3.000e-01,1.200e+00,7.966e-01,1.452e+00,7.966e-01,0.000e+00,1.049e-05,0.000e+00,1.50
19300,19300,101029,-2.991e+00,1.500e+00,2.000e-01,1.032e-02,2.901e+00,1.031e-02,1.258e-07,0.000e+00,1.000e+02,3.670e+00,1.300e+00,5.000e-01,3.671e+00,6.009e-01,3.529e+00,0.000e+00,1.419e-01,0.000e+00,6.021e+00,5.000e-01,1.200e+00,1.200e+00,1.379e+00,1.200e+00,0.000e+00,2.358e-05,0.000e+00,1.80
19400,19400,101359,-7.082e+00,1.800e+00,1.000e-01,1.084e-02,5.892e+00,1.084e-02,0.000e+00,0.000e+00,1.000e+02,6.100e+00,1.300e+00,6.000e-01,5.004e+00,2.804e+00,4.511e+00,0.000e+00,4.934e-01,0.000e+00,8.182e+00,1.400e+00,5.000e-01,5.600e+00,1.918e+00,5.600e+00,0.000e+00,6.021e-05,0.000e+00,1.90
19500,19500,101739,-3.987e+00,1.200e+00,0.000e+00,1.243e-03,2.988e+00,1.243e-03,0.000e+00,0.000e+00,1.000e+02,1.791e+00,1.100e+00,1.000e-01,2.392e+00,6.012e-01,2.204e+00,0.000e+00,1.883e-01,0.000e+00,1.010e+01,3.000e-01,9.000e-01,1.200e+00,3.825e-03,1.200e+00,0.000e+00,1.509e-04,0.000e+00,1.20
19600,19600,102093,-3.505e+00,1.400e+00,4.000e-01,1.804e-03,3.407e+00,1.804e-03,0.000e+00,0.000e+00,1.000e+02,2.105e+00,1.400e+00,4.000e-01,2.809e+00,4.040e-01,2.800e+00,0.000e+00,8.493e-03,0.000e+00,8.300e+00,3.000e-01,1.400e+00,1.003e+00,2.657e-03,8.172e-01,1.817e-01,4.121e-03,0.000e+00,1.80
19700,19700,102450,-4.936e+00,1.500e+00,8.000e-01,1.049e-04,4.336e+00,1.049e-04,0.000e+00,0.000e+00,1.000e+02,2.495e+00,1.800e+00,5.000e-01,3.424e+00,6.292e-01,3.226e+00,0.000e+00,1.982e-01,0.000e+00,8.642e+00,5.000e-01,1.700e+00,1.543e+00,1.121e-03,1.541e+00,4.740e-07,1.861e-03,0.000e+00,2.30
19800,19800,102792,-3.391e+00,1.300e+00,4.000e-01,9.278e-04,3.192e+00,9.278e-04,0.000e+00,0.000e+00,1.000e+02,1.635e+00,1.200e+00,4.000e-01,2.336e+00,6.012e-01,2.336e+00,2.681e-05,1.456e-05,0.000e+00,8.757e+00,4.000e-01,1.300e+00,1.458e+00,1.134e-03,1.400e+00,0.000e+00,5.785e-02,0.000e+00,1.70
19900,19900,103156,-3.386e+00,1.100e+00,0.000e+00,6.863e-04,2.387e+00,6.863e-04,0.000e+00,0.000e+00,1.000e+02,9.882e-01,1.100e+00,0.000e+00,2.189e+00,2.007e-01,2.189e+00,0.000e+00,0.000e+00,0.000e+00,1.030e+01,1.000e-01,1.000e+00,4.002e-01,2.055e-03,4.000e-01,0.000e+00,1.589e-04,0.000e+00,1.10
20000,20000,103504,-5.531e+00,1.500e+00,1.000e-01,2.105e-03,4.433e+00,2.105e-03,0.000e+00,0.000e+00,1.000e+02,3.230e+00,1.300e+00,3.000e-01,2.832e+00,1.602e+00,2.555e+00,0.000e+00,2.774e-01,0.000e+00,9.701e+00,8.000e-01,8.000e-01,3.202e+00,1.694e-03,3.200e+00,0.000e+00,2.324e-03,0.000e+00,1.60
20100,20100,103853,-5.743e+00,1.600e+00,1.000e-01,1.631e-03,4.545e+00,1.631e-03,0.000e+00,0.000e+00,1.000e+02,1.455e+00,1.300e+00,3.000e-01,3.109e+00,1.254e+00,2.464e+00,7.581e-02,5.691e-01,0.000e+00,1.129e+01,6.000e-01,1.100e+00,2.690e+00,1.816e-03,2.400e+00,0.000e+00,2.901e-01,0.000e+00,1.70
20200,20200,104245,-5.891e+00,1.400e+00,4.000e-01,4.635e-05,4.591e+00,4.635e-05,0.000e+00,0.000e+00,1.000e+02,3.809e+00,1.500e+00,3.000e-01,3.207e+00,1.399e+00,2.996e+00,0.000e+00,2.109e-01,0.000e+00,9.182e+00,7.000e-01,1.100e+00,2.784e+00,1.311e-03,2.750e+00,0.000e+00,3.385e-02,0.000e+00,1.80
20300,20300,104644,-4.626e+00,1.600e+00,5.000e-01,1.318e-03,4.127e+00,1.318e-03,0.000e+00,0.000e+00,8.000e+01,-1.231e+00,1.100e+00,1.000e+00,1.473e+00,2.504e+00,1.473e+00,0.000e+00,5.554e-05,0.000e+00,1.026e+01,7.000e-01,1.400e+00,5.159e+00,1.641e-03,2.701e+00,0.000e+00,2.458e+00,0.000e+00,2.10
20400,20400,105040,-1.668e+00,9.000e-01,4.000e-01,6.656e-04,2.668e+00,6.656e-04,0.000e+00,0.000e+00,1.000e+02,1.067e+00,1.200e+00,1.000e-01,1.870e+00,8.025e-01,1.870e+00,0.000e+00,1.600e-06,0.000e+00,8.101e+00,4.000e-01,9.000e-01,1.602e+00,1.436e-03,1.600e+00,0.000e+00,1.944e-03,0.000e+00,1.30
20500,20500,105457,-2.237e+00,1.400e+00,3.000e-01,1.484e-03,2.038e+00,1.484e-03,0.000e+00,0.000e+00,9.000e+01,-1.665e+00,1.300e+00,5.000e-01,2.397e-01,1.804e+00,2.397e-01,0.000e+00,2.888e-08,0.000e+00,1.000e+01,6.000e-01,1.200e+00,3.603e+00,1.714e-03,2.400e+00,0.000e+00,1.203e+00,0.000e+00,1.80
20600,20600,105855,-1.669e+00,1.300e+00,1.000e-01,2.520e-03,1.771e+00,2.520e-03,0.000e+00,0.000e+00,1.000e+02,-2.519e-01,1.100e+00,2.000e-01,8.509e-01,1.003e+00,8.509e-01,1.350e-07,5.112e-09,0.000e+00,9.421e+00,4.000e-01,1.000e+00,1.923e+00,2.111e-03,1.600e+00,0.000e+00,3.230e-01,0.000e+00,1.40
20700,20700,106239,-4.746e+00,1.800e+00,6.000e-01,1.223e-05,3.246e+00,1.223e-05,0.000e+00,0.000e+00,8.000e+01,-2.188e-01,1.500e+00,1.000e+00,1.871e+00,1.289e+00,1.871e+00,0.000e+00,1.826e-06,0.000e+00,8.765e+00,4.000e-01,2.100e+00,2.667e+00,1.960e-03,1.464e+00,0.000e+00,1.202e+00,0.000e+00,2.50
20800,20800,106620,-3.145e+00,1.100e+00,3.000e-01,8.044e-06,3.045e+00,8.044e-06,0.000e+00,0.000e+00,1.000e+02,1.350e+00,1.200e+00,2.000e-01,2.251e+00,8.010e-01,2.251e+00,0.000e+00,7.718e-05,0.000e+00,8.995e+00,3.000e-01,1.100e+00,1.598e+00,3.257e-03,1.196e+00,0.000e+00,4.023e-01,0.000e+00,1.40
20900,20900,106999,-3.099e+00,1.300e+00,2.000e-01,1.497e-05,3.099e+00,1.497e-05,0.000e+00,0.000e+00,9.000e+01,2.041e-01,1.100e+00,4.000e-01,1.704e+00,1.400e+00,1.703e+00,0.000e+00,8.594e-04,0.000e+00,9.295e+00,4.000e-01,1.100e+00,2.800e+00,5.233e-03,1.599e+00,0.000e+00,1.201e+00,0.000e+00,1.50
21000,21000,107380,-3.920e+00,1.000e+00,5.000e-01,8.320e-06,2.420e+00,8.320e-06,0.000e+00,0.000e+00,1.000e+02,1.221e+00,1.500e+00,1.000e-01,2.423e+00,2.351e-03,2.423e+00,0.000e+00,0.000e+00,0.000e+00,9.600e+00,0.000e+00,1.600e+00,3.140e-03,3.465e-03,0.000e+00,0.000e+00,3.140e-03,0.000e+00,1.60
21100,21100,107763,-2.990e+00,1.200e+00,5.000e-01,1.173e-05,1.490e+00,1.173e-05,0.000e+00,0.000e+00,9.000e+01,-5.497e-01,1.500e+00,1.000e-01,1.110e+00,3.598e-01,1.110e+00,2.257e-08,0.000e+00,0.000e+00,9.339e+00,1.000e-01,1.600e+00,7.435e-01,4.221e-03,3.593e-01,0.000e+00,3.843e-01,0.000e+00,1.70
21200,21200,108137,-1.429e+00,9.000e-01,4.000e-01,1.648e-05,1.429e+00,1.648e-05,0.000e+00,0.000e+00,1.000e+02,3.342e-02,1.300e+00,0.000e+00,1.233e+00,2.001e-01,1.233e+00,0.000e+00,0.000e+00,0.000e+00,9.195e+00,1.000e-01,1.200e+00,4.013e-01,5.976e-03,4.000e-01,0.000e+00,1.298e-03,0.000e+00,1.30
21300,21300,108553,-3.127e+00,1.100e+00,1.100e+00,1.195e-05,2.727e+00,1.195e-05,0.000e+00,0.000e+00,9.000e+01,3.033e-01,1.500e+00,6.000e-01,1.731e+00,1.028e+00,1.731e+00,0.000e+00,1.290e-08,0.000e+00,8.024e+00,4.000e-01,1.800e+00,2.028e+00,3.997e-03,1.599e+00,0.000e+00,4.291e-01,0.000e+00,2.20
21400,21400,108984,-2.307e+00,1.200e+00,2.000e-01,7.774e-04,2.208e+00,7.774e-04,0.000e+00,0.000e+00,9.000e+01,-8.121e-01,1.000e+00,4.000e-01,1.486e+00,1.198e+00,1.486e+00,0.000e+00,1.430e-06,0.000e+00,9.619e+00,2.000e-01,1.200e+00,2.402e+00,4.827e-01,8.000e-01,0.000e+00,1.602e+00,0.000e+00,1.40
21500,21500,109375,8.524e-01,1.000e+00,1.000e-01,1.576e+00,8.240e-01,1.576e+00,0.000e+00,1.580e-07,1.000e+02,4.091e-01,1.100e+00,0.000e+00,2.009e+00,6.000e-01,2.009e+00,0.000e+00,0.000e+00,0.000e+00,6.639e+00,2.000e-01,9.000e-01,1.199e+00,3.360e+00,8.000e-01,0.000e+00,3.988e-01,0.000e+00,1.10
21600,21600,109757,-1.046e+00,1.100e+00,0.000e+00,1.977e+00,2.022e+00,1.977e+00,0.000e+00,0.000e+00,1.000e+02,3.199e+00,1.000e+00,1.000e-01,3.599e+00,4.000e-01,3.599e+00,0.000e+00,7.800e-06,0.000e+00,5.746e+00,2.000e-01,9.000e-01,8.018e-01,3.955e+00,8.000e-01,0.000e+00,1.841e-03,0.000e+00,1.10
21700,21700,110132,-3.224e+00,1.200e+00,7.000e-01,1.053e+00,2.777e+00,1.046e+00,0.000e+00,6.283e-03,1.000e+02,3.564e+00,1.600e+00,3.000e-01,4.764e+00,7.486e-05,4.764e+00,0.000e+00,0.000e+00,0.000e+00,6.460e+00,0.000e+00,1.900e+00,7.096e-03,3.047e+00,0.000e+00,0.000e+00,7.096e-03,0.000e+00,1.90
21800,21800,110497,-1.972e+00,1.500e+00,4.000e-01,2.004e+00,2.476e+00,1.996e+00,0.000e+00,7.911e-03,9.000e+01,2.966e+00,1.200e+00,5.000e-01,4.066e+00,6.000e-01,4.066e+00,3.693e-06,1.412e-06,0.000e+00,4.405e+00,2.000e-01,1.700e+00,1.202e+00,4.197e+00,8.000e-01,0.000e+00,4.023e-01,0.000e+00,1.90
21900,21900,110858,-3.777e-01,1.100e+00,0.000e+00,2.200e+00,1.577e+00,2.200e+00,0.000e+00,0.000e+00,1.000e+02,1.752e+00,1.100e+00,0.000e+00,3.152e+00,4.000e-01,3.152e+00,0.000e+00,0.000e+00,0.000e+00,6.526e+00,1.000e-01,1.000e+00,8.003e-01,4.175e+00,4.000e-01,0.000e+00,4.003e-01,0.000e+00,1.10
22000,22000,111237,-9.854e-01,2.000e+00,1.000e-01,3.781e+00,3.567e+00,3.781e+00,0.000e+00,1.123e-07,8.000e+01,-3.446e-01,1.000e+00,1.100e+00,2.755e+00,2.800e+00,2.755e+00,0.000e+00,5.883e-06,0.000e+00,6.130e+00,4.000e-01,1.700e+00,5.602e+00,5.772e+00,1.600e+00,0.000e+00,4.002e+00,0.000e+00,2.10
22100,22100,111604,3.442e-01,1.000e+00,1.000e-01,1.799e+00,3.546e-01,1.799e+00,0.000e+00,1.106e-05,1.000e+02,1.335e+00,1.100e+00,0.000e+00,2.335e+00,2.403e-05,2.335e+00,0.000e+00,0.000e+00,0.000e+00,6.121e+00,0.000e+00,1.100e+00,1.106e-03,3.780e+00,0.000e+00,0.000e+00,1.106e-03,0.000e+00,1.10
22200,22200,111936,8.758e-01,1.500e+00,1.000e-01,2.666e+00,6.901e-01,2.666e+00,0.000e+00,5.220e-06,9.000e+01,1.176e+00,1.100e+00,4.000e-01,1.876e+00,6.000e-01,1.871e+00,4.741e-03,1.494e-07,0.000e+00,4.348e+00,3.000e-01,1.300e+00,1.201e+00,4.453e+00,1.200e+00,0.000e+00,6.896e-04,0.000e+00,1.60
22300,22300,112328,4.550e-01,1.100e+00,2.000e-01,2.000e+00,4.446e-01,2.000e+00,0.000e+00,2.063e-05,1.000e+02,1.616e+00,1.200e+00,1.000e-01,2.016e+00,4.000e-01,2.016e+00,0.000e+00,1.074e-07,0.000e+00,5.629e+00,2.000e-01,1.100e+00,8.004e-01,3.971e+00,8.000e-01,0.000e+00,3.935e-04,0.000e+00,1.30
22400,22400,112672,5.727e-01,1.100e+00,0.000e+00,2.195e+00,6.219e-01,2.195e+00,0.000e+00,0.000e+00,1.000e+02,7.961e-01,1.100e+00,0.000e+00,2.196e+00,4.000e-01,2.196e+00,0.000e+00,0.000e+00,0.000e+00,6.531e+00,1.000e-01,1.000e+00,7.994e-01,4.168e+00,4.000e-01,0.000e+00,3.994e-01,0.000e+00,1.10
22500,22500,113056,1.378e+00,9.000e-01,2.000e-01,1.599e+00,2.214e-01,1.599e+00,0.000e+00,7.407e-07,1.000e+02,7.808e-01,1.100e+00,0.000e+00,1.981e+00,2.000e-01,1.981e+00,0.000e+00,0.000e+00,0.000e+00,5.641e+00,1.000e-01,1.000e+00,4.003e-01,3.559e+00,4.000e-01,0.000e+00,2.537e-04,0.000e+00,1.10
22600,22600,113404,6.888e-02,1.100e+00,4.000e-01,1.596e+00,2.724e-02,1.596e+00,0.000e+00,1.189e-06,9.000e+01,9.242e-01,1.200e+00,4.000e-01,2.024e+00,2.207e-05,2.024e+00,0.000e+00,0.000e+00,0.000e+00,5.207e+00,0.000e+00,1.600e+00,2.398e-04,3.593e+00,0.000e+00,0.000e+00,2.398e-04,0.000e+00,1.60
22700,22700,113786,9.776e-01,9.000e-01,4.000e-01,1.399e+00,2.212e-01,1.399e+00,0.000e+00,1.806e-06,1.000e+02,1.008e+00,1.400e+00,0.000e+00,2.208e+00,2.000e-01,2.208e+00,0.000e+00,0.000e+00,0.000e+00,5.515e+00,1.000e-01,1.300e+00,4.001e-01,3.585e+00,4.000e-01,0.000e+00,5.881e-05,0.000e+00,1.40
22800,22800,114148,-1.882e+00,1.500e+00,4.000e-01,1.582e+00,2.064e+00,1.582e+00,0.000e+00,2.814e-07,1.000e+02,2.663e+00,1.400e+00,4.000e-01,3.664e+00,6.005e-01,3.663e+00,0.000e+00,5.487e-04,0.000e+00,5.719e+00,2.000e-01,1.700e+00,1.196e+00,3.777e+00,8.000e-01,0.000e+00,3.964e-01,0.000e+00,1.90
22900,22900,114497,-2.383e+00,2.000e+00,5.000e-01,1.188e+00,2.270e+00,1.188e+00,0.000e+00,3.635e-08,7.000e+01,-1.390e-02,1.600e+00,9.000e-01,3.887e+00,2.601e+00,3.685e+00,0.000e+00,2.021e-01,0.000e+00,5.897e+00,4.000e-01,2.100e+00,3.178e+00,3.382e+00,1.377e+00,0.000e+00,1.801e+00,0.000e+00,2.50
23000,23000,114853,-1.508e+00,1.000e+00,0.000e+00,1.488e+00,1.996e+00,1.488e+00,0.000e+00,0.000e+00,1.000e+02,2.996e+00,1.000e+00,0.000e+00,3.996e+00,3.939e-05,3.996e+00,0.000e+00,0.000e+00,0.000e+00,6.512e+00,0.000e+00,1.000e+00,3.280e-05,3.488e+00,0.000e+00,0.000e+00,3.280e-05,0.000e+00,1.00
23100,23100,115206,-3.063e+00,1.000e+00,1.000e-01,2.347e-01,2.197e+00,2.347e-01,0.000e+00,0.000e+00,1.000e+02,3.200e+00,1.100e+00,0.000e+00,4.200e+00,7.360e-05,4.200e+00,0.000e+00,0.000e+00,0.000e+00,7.662e+00,0.000e+00,1.100e+00,6.743e-05,2.238e+00,0.000e+00,0.000e+00,6.743e-05,0.000e+00,1.10
23200,23200,115530,-3.115e+00,1.100e+00,0.000e+00,8.044e-02,2.196e+00,8.044e-02,0.000e+00,0.000e+00,1.000e+02,2.995e+00,1.100e+00,0.000e+00,4.395e+00,4.000e-01,4.395e+00,0.000e+00,0.000e+00,0.000e+00,8.020e+00,1.000e-01,1.000e+00,4.000e-01,2.280e+00,2.000e-01,0.000e+00,2.000e-01,0.000e+00,1.10
23300,23300,115851,-3.437e+00,1.700e+00,2.000e-01,5.965e-02,2.196e+00,5.965e-02,0.000e+00,0.000e+00,8.000e+01,9.969e-01,1.100e+00,8.000e-01,4.197e+00,2.000e+00,4.197e+00,0.000e+00,1.035e-07,0.000e+00,7.440e+00,2.000e-01,1.700e+00,2.000e+00,2.060e+00,4.000e-01,0.000e+00,1.600e+00,0.000e+00,1.90
23400,23400,116181,-2.937e+00,1.400e+00,0.000e+00,6.053e-02,1.997e+00,6.053e-02,0.000e+00,0.000e+00,9.000e+01,1.897e+00,1.000e+00,4.000e-01,3.997e+00,1.000e+00,3.997e+00,0.000e+00,8.942e-08,0.000e+00,7.740e+00,1.000e-01,1.300e+00,1.000e+00,2.061e+00,2.000e-01,0.000e+00,8.000e-01,0.000e+00,1.40
23500,23500,116515,-3.751e+00,1.100e+00,1.000e-01,4.579e-02,2.597e+00,4.579e-02,0.000e+00,0.000e+00,1.000e+02,3.597e+00,1.300e+00,0.000e+00,4.997e+00,4.000e-01,4.997e+00,0.000e+00,0.000e+00,0.000e+00,7.754e+00,1.000e-01,1.200e+00,4.000e-01,2.446e+00,2.000e-01,0.000e+00,2.000e-01,0.000e+00,1.30
23600,23600,116828,-2.957e+00,1.800e+00,0.000e+00,3.963e-02,1.997e+00,3.963e-02,0.000e+00,0.000e+00,8.000e+01,7.948e-01,1.000e+00,8.000e-01,3.997e+00,2.002e+00,3.997e+00,0.000e+00,1.213e-07,0.000e+00,7.562e+00,2.000e-01,1.600e+00,2.002e+00,2.040e+00,4.000e-01,0.000e+00,1.602e+00,0.000e+00,1.80
23700,23700,117149,-5.435e-01,2.000e+00,1.000e-01,9.630e-01,4.066e-01,9.630e-01,0.000e+00,0.000e+00,8.000e+01,-1.395e+00,1.100e+00,1.000e+00,2.007e+00,2.001e+00,2.007e+00,0.000e+00,4.292e-06,0.000e+00,6.838e+00,1.000e-01,1.900e+00,2.001e+00,2.563e+00,2.000e-01,2.000e-01,1.601e+00,0.000e+00,2.10
23800,23800,117476,-1.194e+00,1.000e+00,6.000e-01,1.557e-02,9.986e-03,1.557e-02,0.000e+00,0.000e+00,1.000e+02,1.007e+00,1.600e+00,0.000e+00,2.010e+00,2.500e-03,2.010e+00,0.000e+00,0.000e+00,0.000e+00,7.787e+00,0.000e+00,1.600e+00,2.497e-03,2.015e+00,0.000e+00,0.000e+00,2.497e-03,0.000e+00,1.60
23900,23900,117812,-1.206e+00,1.000e+00,1.000e-01,1.591e-02,1.216e-01,1.591e-02,0.000e+00,0.000e+00,1.000e+02,1.121e+00,1.100e+00,0.000e+00,2.122e+00,9.196e-04,2.122e+00,0.000e+00,0.000e+00,0.000e+00,7.885e+00,0.000e+00,1.100e+00,9.162e-04,2.016e+00,0.000e+00,0.000e+00,9.162e-04,0.000e+00,1.10
24000,24000,118152,-1.711e+00,1.200e+00,0.000e+00,1.322e-02,7.245e-01,1.322e-02,0.000e+00,0.000e+00,1.000e+02,1.322e+00,1.200e+00,0.000e+00,3.122e+00,8.005e-01,3.122e+00,0.000e+00,0.000e+00,0.000e+00,8.290e+00,1.000e-01,1.000e+00,8.005e-01,2.411e+00,2.000e-01,2.000e-01,4.005e-01,0.000e+00,1.20
24100,24100,118459,-1.097e+00,1.000e+00,1.000e-01,1.028e-02,6.994e-03,1.028e-02,0.000e+00,0.000e+00,1.000e+02,1.007e+00,1.100e+00,0.000e+00,2.007e+00,4.053e-04,2.007e+00,0.000e+00,0.000e+00,0.000e+00,7.890e+00,0.000e+00,1.100e+00,4.017e-04,2.010e+00,0.000e+00,0.000e+00,4.017e-04,0.000e+00,1.10
24200,24200,118801,-7.937e-01,1.200e+00,0.000e+00,2.072e-01,8.991e-04,2.072e-01,0.000e+00,0.000e+00,1.000e+02,7.006e-01,1.000e+00,2.000e-01,1.801e+00,3.156e-04,1.801e+00,0.000e+00,1.899e-06,0.000e+00,7.893e+00,0.000e+00,1.200e+00,3.115e-04,2.007e+00,0.000e+00,0.000e+00,3.115e-04,0.000e+00,1.20
24300,24300,119153,-1.095e+00,1.000e+00,2.000e-01,7.365e-03,2.473e-03,7.365e-03,0.000e+00,0.000e+00,1.000e+02,1.002e+00,1.200e+00,0.000e+00,2.002e+00,2.228e-04,2.002e+00,0.000e+00,0.000e+00,0.000e+00,7.893e+00,0.000e+00,1.200e+00,2.189e-04,2.007e+00,0.000e+00,0.000e+00,2.189e-04,0.000e+00,1.20
24400,24400,119495,-1.367e+00,1.600e+00,2.000e-01,6.004e-03,1.733e-01,6.004e-03,0.000e+00,0.000e+00,9.000e+01,-1.270e-01,1.200e+00,6.000e-01,2.173e+00,1.000e+00,2.173e+00,0.000e+00,0.000e+00,0.000e+00,7.594e+00,1.000e-01,1.700e+00,1.000e+00,2.006e+00,2.000e-01,0.000e+00,8.002e-01,0.000e+00,1.80
24500,24500,119802,-1.333e+00,1.100e+00,1.000e-01,6.127e-03,2.394e-01,6.127e-03,0.000e+00,0.000e+00,1.000e+02,1.038e+00,1.200e+00,0.000e+00,2.438e+00,4.001e-01,2.438e+00,0.000e+00,0.000e+00,0.000e+00,7.995e+00,1.000e-01,1.100e+00,4.002e-01,2.205e+00,2.000e-01,0.000e+00,2.001e-01,0.000e+00,1.20
24600,24600,120124,-9.942e-01,1.000e+00,0.000e+00,6.895e-03,1.074e-03,6.895e-03,0.000e+00,0.000e+00,1.000e+02,1.001e+00,1.000e+00,0.000e+00,2.001e+00,1.438e-04,2.001e+00,0.000e+00,0.000e+00,0.000e+00,7.993e+00,0.000e+00,1.000e+00,1.394e-04,2.007e+00,0.000e+00,0.000e+00,1.394e-04,0.000e+00,1.00
24700,24700,120450,-1.426e+00,1.400e+00,3.000e-01,4.594e-03,3.073e-02,4.583e-03,1.100e-05,0.000e+00,9.000e+01,6.417e-01,1.500e+00,4.000e-01,2.742e+00,1.000e+00,2.742e+00,0.000e+00,4.563e-08,0.000e+00,6.784e+00,1.000e-01,1.800e+00,1.000e+00,2.716e+00,2.000e-01,0.000e+00,8.002e-01,0.000e+00,1.90
24800,24800,120756,-1.306e+00,1.400e+00,1.000e-01,4.573e-03,2.104e-01,4.573e-03,0.000e+00,0.000e+00,9.000e+01,-8.971e-02,1.100e+00,4.000e-01,2.410e+00,1.400e+00,2.410e+00,0.000e+00,3.276e-07,0.000e+00,7.896e+00,2.000e-01,1.300e+00,1.400e+00,2.205e+00,4.000e-01,0.000e+00,1.000e+00,0.000e+00,1.50
24900,24900,121060,-1.200e+00,1.100e+00,0.000e+00,4.768e-03,2.050e-01,4.768e-03,0.000e+00,0.000e+00,1.000e+02,1.005e+00,1.100e+00,0.000e+00,2.405e+00,4.001e-01,2.405e+00,0.000e+00,0.000e+00,0.000e+00,8.095e+00,1.000e-01,1.000e+00,4.001e-01,2.205e+00,2.000e-01,0.000e+00,2.001e-01,0.000e+00,1.10
25000,25000,121361,-9.959e-01,1.000e+00,0.000e+00,4.417e-03,3.049e-04,4.417e-03,0.000e+00,0.000e+00,1.000e+02,1.000e+00,1.000e+00,0.000e+00,2.000e+00,9.358e-05,2.000e+00,0.000e+00,0.000e+00,0.000e+00,7.996e+00,0.000e+00,1.000e+00,8.911e-05,2.004e+00,0.000e+00,0.000e+00,8.911e-05,0.000e+00,1.00
