episode,step_train,step,A1_reward_total,A1_n_lever,A1_n_door,A1_received,A1_given,A1_r-lever,A1_r-start,A1_r-door,A1_win_rate,A2_reward_total,A2_n_lever,A2_n_door,A2_received,A2_given,A2_r-lever,A2_r-start,A2_r-door,A2_win_rate,steps_per_eps
100,100,641,4.931e+00,7.000e-01,1.100e+00,1.408e+00,1.676e+00,5.816e-01,1.288e-01,6.971e-01,9.000e+01,2.269e+00,9.000e-01,5.000e-01,1.676e+00,1.408e+00,7.637e-01,5.039e-01,4.087e-01,0.000e+00,2.00
200,200,1251,4.084e+00,9.000e-01,1.200e+00,1.781e+00,1.997e+00,7.112e-01,6.355e-01,4.341e-01,9.000e+01,9.163e-01,1.500e+00,1.100e+00,1.997e+00,1.781e+00,9.749e-01,4.355e-01,5.867e-01,0.000e+00,3.30
300,300,1887,1.583e+00,1.000e+00,1.100e+00,9.409e-01,5.575e-01,5.362e-01,1.564e-01,2.483e-01,8.000e+01,3.317e+00,8.000e-01,9.000e-01,5.575e-01,9.409e-01,3.209e-01,1.390e-01,9.763e-02,0.000e+00,2.60
400,400,2508,2.113e-02,8.000e-01,1.200e+00,8.805e-01,4.594e-01,4.365e-01,2.697e-01,1.742e-01,6.000e+01,1.979e+00,6.000e-01,1.300e+00,4.594e-01,8.805e-01,2.176e-01,1.624e-01,7.937e-02,0.000e+00,3.40
500,500,3151,1.912e-03,1.300e+00,1.700e+00,8.006e-01,5.987e-01,5.123e-01,1.746e-01,1.137e-01,5.000e+01,-3.019e-01,1.100e+00,1.900e+00,5.987e-01,8.006e-01,4.258e-01,7.329e-02,9.959e-02,0.000e+00,4.00
600,600,3797,2.992e+00,1.200e+00,1.000e+00,1.114e+00,6.223e-01,8.972e-01,9.304e-02,1.239e-01,1.000e+02,4.108e+00,6.000e-01,1.400e+00,6.223e-01,1.114e+00,4.499e-01,7.223e-02,1.002e-01,0.000e+00,2.70
700,700,4426,-1.846e+00,1.300e+00,1.100e+00,1.127e+00,4.738e-01,9.598e-01,8.993e-02,7.755e-02,8.000e+01,5.646e+00,5.000e-01,1.900e+00,4.738e-01,1.127e+00,3.712e-01,5.663e-02,4.597e-02,0.000e+00,3.30
800,800,5038,2.089e+00,6.000e-01,1.700e+00,1.941e-01,1.505e+00,1.100e-01,4.514e-02,3.891e-02,8.000e+01,2.511e+00,1.100e+00,1.500e+00,1.505e+00,1.941e-01,1.356e+00,1.119e-01,3.696e-02,0.000e+00,3.00
900,900,5666,5.402e-01,9.000e-01,1.800e+00,7.687e-01,1.529e+00,6.803e-01,1.881e-02,6.966e-02,7.000e+01,2.960e+00,7.000e-01,1.400e+00,1.529e+00,7.687e-01,1.114e+00,2.211e-01,1.933e-01,0.000e+00,3.10
1000,1000,6283,1.521e+00,8.000e-01,1.900e+00,7.049e-01,2.284e+00,5.956e-01,5.468e-02,5.462e-02,5.000e+01,-6.212e-01,9.000e-01,8.000e-01,2.284e+00,7.049e-01,1.613e+00,5.458e-01,1.250e-01,0.000e+00,3.40
1100,1100,6905,9.031e-01,6.000e-01,2.300e+00,9.527e-01,3.050e+00,6.701e-01,8.777e-02,1.948e-01,7.000e+01,1.597e+00,1.000e+00,1.400e+00,3.050e+00,9.527e-01,1.857e+00,8.584e-01,3.342e-01,0.000e+00,3.50
1200,1200,7474,3.999e+00,7.000e-01,2.300e+00,1.459e+00,1.660e+00,1.029e+00,1.333e-01,2.965e-01,8.000e+01,7.011e-01,9.000e-01,1.400e+00,1.660e+00,1.459e+00,1.628e+00,2.411e-02,7.503e-03,0.000e+00,3.30
1300,1300,8097,3.684e+00,2.000e-01,2.300e+00,6.500e-01,1.566e+00,3.260e-01,1.089e-01,2.151e-01,8.000e+01,1.016e+00,9.000e-01,1.600e+00,1.566e+00,6.500e-01,1.557e+00,3.692e-03,5.438e-03,0.000e+00,2.90
1400,1400,8716,1.109e+00,6.000e-01,2.500e+00,2.408e+00,8.998e-01,1.025e+00,5.898e-01,7.939e-01,5.000e+01,-7.085e-01,2.000e-01,2.000e+00,8.998e-01,2.408e+00,3.974e-01,4.322e-01,7.020e-02,0.000e+00,3.80
1500,1500,9346,4.147e+00,3.000e-01,1.700e+00,7.344e-01,1.187e+00,5.155e-01,2.085e-01,1.034e-02,8.000e+01,8.527e-01,6.000e-01,1.000e+00,1.187e+00,7.344e-01,1.175e+00,1.179e-02,4.243e-04,0.000e+00,2.50
1600,1600,9975,2.796e+00,3.000e-01,2.300e+00,1.259e+00,2.063e+00,5.302e-01,4.329e-01,2.963e-01,7.000e+01,1.104e+00,9.000e-01,1.900e+00,2.063e+00,1.259e+00,1.782e+00,3.765e-03,2.774e-01,0.000e+00,3.10
1700,1700,10641,2.851e+00,2.000e-01,2.600e+00,9.066e-01,1.856e+00,3.542e-01,4.029e-01,1.495e-01,6.000e+01,4.893e-02,6.000e-01,1.700e+00,1.856e+00,9.066e-01,1.191e+00,2.655e-01,3.987e-01,0.000e+00,3.40
1800,1800,11307,2.635e+00,2.000e-01,2.900e+00,3.386e+00,3.051e+00,3.852e-01,1.477e+00,1.523e+00,5.000e+01,-2.035e+00,7.000e-01,2.400e+00,3.051e+00,3.386e+00,1.374e+00,5.960e-01,1.081e+00,0.000e+00,4.10
1900,1900,11930,4.150e+00,4.000e-01,2.300e+00,1.782e+00,2.331e+00,7.775e-01,1.994e-01,8.047e-01,8.000e+01,8.496e-01,8.000e-01,1.600e+00,2.331e+00,1.782e+00,1.582e+00,2.391e-03,7.467e-01,0.000e+00,2.80
2000,2000,12595,6.868e-01,3.000e-01,2.700e+00,2.205e+00,4.019e+00,5.911e-01,5.304e-01,1.084e+00,5.000e+01,5.132e-01,9.000e-01,2.100e+00,4.019e+00,2.205e+00,1.782e+00,1.983e-01,2.039e+00,0.000e+00,3.50
2100,2100,13259,3.117e+00,5.000e-01,1.700e+00,1.993e+00,1.376e+00,9.938e-01,7.588e-01,2.408e-01,8.000e+01,2.083e+00,6.000e-01,1.700e+00,1.376e+00,1.993e+00,1.186e+00,5.305e-03,1.846e-01,0.000e+00,2.80
2200,2200,13907,1.505e+00,5.000e-01,2.200e+00,1.381e+00,1.177e+00,9.631e-01,1.385e-02,4.044e-01,7.000e+01,2.695e+00,4.000e-01,2.500e+00,1.177e+00,1.381e+00,7.840e-01,1.359e-03,3.914e-01,0.000e+00,3.00
2300,2300,14572,3.196e+00,2.000e-01,2.600e+00,2.378e+00,2.582e+00,3.967e-01,8.262e-01,1.156e+00,6.000e+01,-6.963e-01,7.000e-01,2.100e+00,2.582e+00,2.378e+00,1.387e+00,1.721e-02,1.178e+00,0.000e+00,3.50
2400,2400,15214,3.635e+00,2.000e-01,2.300e+00,2.822e+00,2.587e+00,3.980e-01,1.382e+00,1.042e+00,7.000e+01,-2.346e-01,7.000e-01,2.400e+00,2.587e+00,2.822e+00,1.394e+00,6.466e-03,1.187e+00,0.000e+00,3.50
2500,2500,15862,4.699e+00,2.000e-01,2.600e+00,3.913e-01,1.392e+00,3.856e-01,2.322e-03,3.387e-03,9.000e+01,1.201e+00,7.000e-01,2.100e+00,1.392e+00,3.913e-01,1.391e+00,5.643e-04,1.051e-03,0.000e+00,3.00
2600,2600,16497,3.105e-01,8.000e-01,2.700e+00,3.734e+00,1.724e+00,1.577e+00,7.364e-01,1.421e+00,5.000e+01,1.895e-01,4.000e-01,2.900e+00,1.724e+00,3.734e+00,7.963e-01,1.199e-01,8.076e-01,0.000e+00,4.30
2700,2700,17157,1.495e+00,6.000e-01,2.800e+00,2.524e+00,9.282e-01,1.188e+00,8.225e-01,5.132e-01,7.000e+01,1.605e+00,3.000e-01,2.400e+00,9.282e-01,2.524e+00,5.986e-01,1.310e-01,1.985e-01,0.000e+00,4.00
2800,2800,17856,2.924e+00,1.000e-01,2.600e+00,1.929e+00,2.605e+00,1.995e-01,7.226e-01,1.007e+00,6.000e+01,2.761e-01,8.000e-01,1.900e+00,2.605e+00,1.929e+00,1.594e+00,2.369e-02,9.867e-01,0.000e+00,3.40
2900,2900,18494,2.146e+00,1.000e-01,3.300e+00,4.451e-01,9.988e-01,1.958e-01,1.961e-01,5.330e-02,4.000e+01,-1.146e+00,5.000e-01,2.700e+00,9.988e-01,4.451e-01,9.958e-01,2.787e-03,2.694e-04,0.000e+00,3.70
3000,3000,19143,2.503e+00,3.000e-01,3.100e+00,2.112e+00,3.209e+00,5.934e-01,2.000e-01,1.319e+00,5.000e+01,-3.025e-01,9.000e-01,2.000e+00,3.209e+00,2.112e+00,1.793e+00,2.662e-02,1.390e+00,0.000e+00,3.60
3100,3100,19760,2.220e+00,3.000e-01,2.200e+00,1.220e+00,1.799e+00,5.941e-01,2.915e-01,3.339e-01,7.000e+01,2.180e+00,5.000e-01,1.900e+00,1.799e+00,1.220e+00,9.951e-01,2.066e-01,5.976e-01,0.000e+00,2.90
3200,3200,20409,4.951e+00,1.000e-01,2.300e+00,1.748e+00,1.997e+00,1.977e-01,4.135e-01,1.137e+00,6.000e+01,-1.551e+00,7.000e-01,1.300e+00,1.997e+00,1.748e+00,1.396e+00,4.272e-03,5.970e-01,0.000e+00,2.70
3300,3300,21031,3.239e+00,4.000e-01,3.100e+00,1.742e+00,8.029e-01,7.992e-01,5.099e-01,4.332e-01,5.000e+01,-2.139e+00,4.000e-01,2.500e+00,8.029e-01,1.742e+00,7.949e-01,7.664e-03,3.430e-04,0.000e+00,4.00
3400,3400,21689,4.393e+00,4.000e-01,2.800e+00,5.687e+00,2.594e+00,7.982e-01,1.285e+00,3.604e+00,3.000e+01,-4.793e+00,5.000e-01,2.900e+00,2.594e+00,5.687e+00,9.969e-01,4.059e-03,1.593e+00,0.000e+00,3.90
3500,3500,22361,4.518e+00,1.000e-01,2.700e+00,6.165e-01,1.398e+00,1.992e-01,2.159e-01,2.014e-01,7.000e+01,-1.618e+00,7.000e-01,1.700e+00,1.398e+00,6.165e-01,1.395e+00,2.923e-03,2.742e-04,0.000e+00,3.30
3600,3600,23025,4.295e+00,2.000e-01,2.900e+00,7.974e-01,1.203e+00,3.971e-01,1.999e-01,2.004e-01,7.000e+01,-4.949e-01,6.000e-01,2.000e+00,1.203e+00,7.974e-01,1.196e+00,6.652e-03,2.208e-04,0.000e+00,3.40
3700,3700,23673,3.358e+00,4.000e-01,2.300e+00,1.262e+00,2.404e+00,7.992e-01,3.343e-02,4.292e-01,9.000e+01,2.642e+00,8.000e-01,1.600e+00,2.404e+00,1.262e+00,1.594e+00,2.120e-01,5.984e-01,0.000e+00,2.90
3800,3800,24310,5.722e+00,5.000e-01,1.700e+00,3.728e+00,1.006e+00,9.992e-01,9.927e-01,1.737e+00,8.000e+01,1.777e-01,5.000e-01,2.000e+00,1.006e+00,3.728e+00,9.973e-01,8.452e-03,4.555e-04,0.000e+00,2.70
3900,3900,24971,5.079e+00,3.000e-01,2.400e+00,2.581e+00,2.002e+00,5.998e-01,8.020e-01,1.179e+00,7.000e+01,-1.679e+00,7.000e-01,1.900e+00,2.002e+00,2.581e+00,1.396e+00,7.148e-03,5.989e-01,0.000e+00,3.20
4000,4000,25644,5.094e+00,2.000e-01,2.200e+00,2.192e+00,1.998e+00,3.990e-01,4.071e-01,1.386e+00,7.000e+01,-5.939e-01,7.000e-01,2.100e+00,1.998e+00,2.192e+00,1.398e+00,0.000e+00,5.999e-01,0.000e+00,2.80
4100,4100,26307,3.227e+00,2.000e-01,2.300e+00,2.423e+00,3.396e+00,3.998e-01,4.187e-01,1.604e+00,7.000e+01,1.573e+00,8.000e-01,1.900e+00,3.396e+00,2.423e+00,1.598e+00,1.695e-04,1.797e+00,0.000e+00,2.80
4200,4200,26937,3.535e+00,6.000e-01,1.900e+00,2.978e+00,7.430e-01,1.197e+00,5.912e-01,1.190e+00,8.000e+01,1.265e+00,3.000e-01,2.200e+00,7.430e-01,2.978e+00,5.976e-01,1.415e-01,3.865e-03,0.000e+00,2.90
4300,4300,27538,4.412e+00,2.000e-01,3.100e+00,2.419e+00,2.007e+00,3.993e-01,3.991e-01,1.620e+00,5.000e+01,-2.012e+00,6.000e-01,2.700e+00,2.007e+00,2.419e+00,1.199e+00,1.938e-03,8.063e-01,0.000e+00,3.50
4400,4400,28163,-1.550e+00,2.000e-01,4.300e+00,3.624e+00,4.674e+00,3.994e-01,6.141e-01,2.611e+00,1.000e+01,-9.504e-01,3.000e-01,3.800e+00,4.674e+00,3.624e+00,5.984e-01,1.318e+00,2.758e+00,0.000e+00,4.90
4500,4500,28794,4.893e+00,0.000e+00,2.800e+00,1.045e+00,1.153e+00,0.000e+00,2.375e-01,8.080e-01,6.000e+01,-1.393e+00,6.000e-01,2.200e+00,1.153e+00,1.045e+00,1.133e+00,1.917e-02,6.342e-06,0.000e+00,3.10
4600,4600,29461,7.782e+00,0.000e+00,2.700e+00,4.046e-01,2.022e+00,0.000e+00,2.032e-01,2.015e-01,1.000e+02,-3.823e-01,1.000e+00,1.400e+00,2.022e+00,4.046e-01,1.992e+00,3.057e-02,7.970e-06,0.000e+00,2.90
4700,4700,30128,4.549e+00,0.000e+00,4.000e+00,1.005e+00,1.256e+00,0.000e+00,2.018e-01,8.027e-01,6.000e+01,-1.749e+00,6.000e-01,3.100e+00,1.256e+00,1.005e+00,1.195e+00,6.077e-02,9.829e-05,0.000e+00,4.20
4800,4800,30769,2.862e+00,1.000e-01,3.400e+00,2.797e+00,2.535e+00,2.000e-01,1.001e+00,1.596e+00,5.000e+01,-1.262e+00,5.000e-01,3.000e+00,2.535e+00,2.797e+00,9.985e-01,7.686e-01,7.679e-01,0.000e+00,4.10
4900,4900,31402,3.855e+00,1.000e-01,3.900e+00,2.003e+00,2.148e+00,2.000e-01,3.986e-01,1.404e+00,6.000e+01,-9.551e-01,5.000e-01,2.700e+00,2.148e+00,2.003e+00,9.981e-01,9.543e-01,1.953e-01,0.000e+00,4.20
5000,5000,32051,3.410e+00,0.000e+00,3.000e+00,1.388e-02,1.704e+00,0.000e+00,6.272e-03,7.607e-03,6.000e+01,9.027e-02,6.000e-01,1.800e+00,1.704e+00,1.388e-02,1.197e+00,5.063e-01,3.732e-04,0.000e+00,3.10
5100,5100,32710,4.613e+00,3.000e-01,2.100e+00,3.410e+00,1.796e+00,5.998e-01,4.069e-01,2.403e+00,6.000e+01,-7.134e-01,6.000e-01,2.000e+00,1.796e+00,3.410e+00,1.199e+00,1.913e-01,4.062e-01,0.000e+00,2.70
5200,5200,33361,3.449e+00,0.000e+00,3.100e+00,1.009e+00,1.660e+00,0.000e+00,2.049e-01,8.042e-01,5.000e+01,-8.489e-01,5.000e-01,2.200e+00,1.660e+00,1.009e+00,9.992e-01,6.592e-01,1.806e-03,0.000e+00,3.30
5300,5300,33960,5.267e+00,3.000e-01,2.500e+00,3.425e+00,1.758e+00,5.987e-01,6.260e-01,2.200e+00,6.000e+01,-2.367e+00,6.000e-01,2.200e+00,1.758e+00,3.425e+00,1.198e+00,3.755e-01,1.846e-01,0.000e+00,3.20
5400,5400,34627,7.227e+00,0.000e+00,2.900e+00,4.397e+00,1.370e+00,0.000e+00,1.197e+00,3.200e+00,5.000e+01,-4.427e+00,6.000e-01,2.800e+00,1.370e+00,4.397e+00,1.161e+00,8.103e-02,1.282e-01,0.000e+00,3.50
5500,5500,35233,5.668e+00,0.000e+00,2.100e+00,8.044e-03,1.940e+00,0.000e+00,0.000e+00,8.044e-03,8.000e+01,5.320e-01,8.000e-01,9.000e-01,1.940e+00,8.044e-03,1.570e+00,3.702e-01,5.402e-05,0.000e+00,2.10
5600,5600,35861,3.138e+00,2.000e-01,2.300e+00,2.001e+00,3.162e+00,4.000e-01,9.981e-01,6.025e-01,7.000e+01,1.862e+00,5.000e-01,2.000e+00,3.162e+00,2.001e+00,9.995e-01,8.003e-01,1.362e+00,0.000e+00,3.00
5700,5700,36491,2.738e+00,1.000e-01,3.700e+00,2.273e+00,2.335e+00,1.995e-01,4.684e-01,1.606e+00,5.000e+01,-1.038e+00,5.000e-01,2.700e+00,2.335e+00,2.273e+00,9.981e-01,1.114e+00,2.237e-01,0.000e+00,4.10
5800,5800,37173,2.378e+00,0.000e+00,4.000e+00,8.300e-03,2.330e+00,0.000e+00,6.334e-03,1.966e-03,6.000e+01,2.204e-02,8.000e-01,3.000e+00,2.330e+00,8.300e-03,1.547e+00,3.940e-01,3.891e-01,0.000e+00,4.20
5900,5900,37803,3.067e+00,1.000e-01,3.400e+00,1.200e+00,3.333e+00,1.999e-01,1.992e-01,8.012e-01,7.000e+01,1.233e+00,6.000e-01,2.300e+00,3.333e+00,1.200e+00,1.199e+00,1.198e+00,9.357e-01,0.000e+00,3.60
6000,6000,38465,5.309e+00,0.000e+00,2.900e+00,3.013e+00,2.904e+00,0.000e+00,7.993e-01,2.214e+00,6.000e+01,-1.409e+00,7.000e-01,2.100e+00,2.904e+00,3.013e+00,1.392e+00,7.012e-01,8.111e-01,0.000e+00,3.30
6100,6100,39058,5.009e+00,2.000e-01,2.700e+00,1.599e+00,6.903e-01,3.996e-01,3.992e-01,8.004e-01,7.000e+01,-5.089e-01,5.000e-01,2.300e+00,6.903e-01,1.599e+00,6.806e-01,9.737e-03,1.207e-05,0.000e+00,3.10
6200,6200,39679,6.622e+00,0.000e+00,2.500e+00,4.698e-03,1.783e+00,0.000e+00,0.000e+00,4.698e-03,9.000e+01,1.785e-01,9.000e-01,1.300e+00,1.783e+00,4.698e-03,1.769e+00,1.386e-02,7.892e-06,0.000e+00,2.50
6300,6300,40303,5.236e+00,0.000e+00,3.500e+00,3.021e+00,7.849e-01,0.000e+00,6.206e-01,2.400e+00,4.000e+01,-3.636e+00,4.000e-01,2.900e+00,7.849e-01,3.021e+00,7.711e-01,1.377e-02,7.459e-06,0.000e+00,3.90
6400,6400,40924,4.077e+00,0.000e+00,3.000e+00,3.025e+00,1.948e+00,0.000e+00,6.276e-01,2.398e+00,4.000e+01,-2.677e+00,6.000e-01,2.600e+00,1.948e+00,3.025e+00,1.197e+00,1.140e-02,7.399e-01,0.000e+00,3.50
6500,6500,41548,5.494e+00,2.000e-01,2.500e+00,3.198e+00,1.903e+00,4.000e-01,5.988e-01,2.199e+00,7.000e+01,-5.945e-01,6.000e-01,2.000e+00,1.903e+00,3.198e+00,1.194e+00,1.584e-02,6.936e-01,0.000e+00,3.00
6600,6600,42164,4.742e+00,0.000e+00,3.200e+00,1.999e+00,1.157e+00,0.000e+00,5.996e-01,1.400e+00,5.000e+01,-2.342e+00,5.000e-01,2.300e+00,1.157e+00,1.999e+00,9.987e-01,1.583e-01,8.816e-05,0.000e+00,3.50
6700,6700,42802,5.198e+00,1.000e-01,3.000e+00,1.212e+00,1.214e+00,2.000e-01,1.999e-01,8.122e-01,7.000e+01,-6.984e-01,6.000e-01,2.200e+00,1.214e+00,1.212e+00,1.196e+00,1.770e-02,4.531e-05,0.000e+00,3.20
6800,6800,43411,5.582e+00,0.000e+00,2.800e+00,8.067e-01,1.424e+00,0.000e+00,1.995e-01,6.071e-01,7.000e+01,-1.082e+00,7.000e-01,1.300e+00,1.424e+00,8.067e-01,1.398e+00,2.611e-02,1.396e-05,0.000e+00,2.90
6900,6900,44026,6.583e+00,0.000e+00,2.500e+00,7.175e-03,1.824e+00,0.000e+00,0.000e+00,7.175e-03,9.000e+01,3.166e-01,9.000e-01,1.100e+00,1.824e+00,7.175e-03,1.797e+00,2.631e-02,1.872e-05,0.000e+00,2.50
7000,7000,44671,7.496e+00,0.000e+00,1.700e+00,1.003e+00,1.807e+00,0.000e+00,3.999e-01,6.032e-01,9.000e+01,-4.961e-01,9.000e-01,8.000e-01,1.807e+00,1.003e+00,1.797e+00,1.044e-02,1.200e-05,0.000e+00,1.90
7100,7100,45274,3.096e+00,2.000e-01,3.300e+00,3.391e+00,2.795e+00,3.999e-01,9.895e-01,2.002e+00,5.000e+01,-1.696e+00,6.000e-01,2.300e+00,2.795e+00,3.391e+00,1.199e+00,2.894e-02,1.567e+00,0.000e+00,4.00
7200,7200,45894,6.583e+00,0.000e+00,3.000e+00,1.388e+00,1.805e+00,0.000e+00,3.882e-01,9.996e-01,8.000e+01,-1.483e+00,9.000e-01,1.800e+00,1.805e+00,1.388e+00,1.794e+00,1.057e-02,1.541e-05,0.000e+00,3.20
7300,7300,46518,5.995e+00,0.000e+00,2.700e+00,3.985e-01,1.603e+00,0.000e+00,1.991e-01,1.994e-01,8.000e+01,-5.952e-01,8.000e-01,1.500e+00,1.603e+00,3.985e-01,1.597e+00,6.271e-03,1.137e-05,0.000e+00,2.80
7400,7400,47173,5.801e+00,2.000e-01,3.100e+00,2.199e+00,3.197e+00,3.998e-01,1.999e-01,1.599e+00,8.000e+01,-1.201e+00,1.000e+00,2.200e+00,3.197e+00,2.199e+00,1.996e+00,4.449e-03,1.197e+00,0.000e+00,3.40
7500,7500,47841,4.697e+00,0.000e+00,3.200e+00,3.395e+00,2.997e+00,0.000e+00,7.996e-01,2.595e+00,5.000e+01,-2.297e+00,7.000e-01,2.500e+00,2.997e+00,3.395e+00,1.399e+00,2.582e-03,1.596e+00,0.000e+00,3.60
7600,7600,48449,5.497e+00,0.000e+00,2.700e+00,8.006e-01,2.403e+00,0.000e+00,1.992e-01,6.013e-01,8.000e+01,2.505e-03,9.000e-01,1.100e+00,2.403e+00,8.006e-01,1.798e+00,7.180e-03,5.978e-01,0.000e+00,2.80
7700,7700,49084,5.890e+00,0.000e+00,3.100e+00,2.991e+00,2.201e+00,0.000e+00,9.996e-01,1.992e+00,6.000e+01,-2.290e+00,8.000e-01,2.500e+00,2.201e+00,2.991e+00,1.598e+00,2.787e-03,6.000e-01,0.000e+00,3.60
7800,7800,49681,5.388e+00,1.000e-01,3.200e+00,2.589e+00,1.001e+00,2.000e-01,7.784e-01,1.611e+00,6.000e+01,-2.188e+00,5.000e-01,2.800e+00,1.001e+00,2.589e+00,9.987e-01,2.396e-03,1.244e-05,0.000e+00,3.70
7900,7900,50303,7.108e+00,0.000e+00,2.100e+00,1.403e+00,2.795e+00,0.000e+00,3.998e-01,1.003e+00,9.000e+01,-3.075e-01,1.000e+00,1.200e+00,2.795e+00,1.403e+00,1.998e+00,6.677e-06,7.975e-01,0.000e+00,2.30
8000,8000,50866,6.407e+00,1.000e-01,2.700e+00,4.400e+00,3.193e+00,2.000e-01,9.996e-01,3.201e+00,6.000e+01,-2.807e+00,8.000e-01,2.400e+00,3.193e+00,4.400e+00,1.598e+00,7.772e-04,1.595e+00,0.000e+00,3.30
8100,8100,51444,7.102e+00,0.000e+00,2.700e+00,8.010e-01,2.000e+00,0.000e+00,3.998e-01,4.013e-01,9.000e+01,-4.015e-01,1.000e+00,1.100e+00,2.000e+00,8.010e-01,1.997e+00,2.257e-03,6.036e-06,0.000e+00,2.90
8200,8200,52088,5.206e+00,0.000e+00,3.200e+00,3.000e+00,1.994e+00,0.000e+00,5.995e-01,2.400e+00,5.000e+01,-2.406e+00,6.000e-01,2.300e+00,1.994e+00,3.000e+00,1.199e+00,1.648e-03,7.934e-01,0.000e+00,3.50
8300,8300,52682,7.006e+00,0.000e+00,3.500e+00,4.007e+00,1.000e+00,0.000e+00,8.104e-01,3.196e+00,5.000e+01,-4.606e+00,5.000e-01,3.000e+00,1.000e+00,4.007e+00,9.989e-01,1.394e-03,7.794e-06,0.000e+00,4.00
8400,8400,53211,7.697e+00,0.000e+00,2.200e+00,2.196e+00,3.000e+00,0.000e+00,7.978e-01,1.399e+00,9.000e+01,-8.968e-01,1.100e+00,1.100e+00,3.000e+00,2.196e+00,2.198e+00,2.351e-03,7.989e-01,0.000e+00,2.60
8500,8500,53819,5.549e+00,1.000e-01,2.200e+00,3.747e+00,3.198e+00,2.000e-01,1.347e+00,2.200e+00,6.000e+01,-1.949e+00,8.000e-01,1.800e+00,3.198e+00,3.747e+00,1.599e+00,1.390e-03,1.597e+00,0.000e+00,3.00
8600,8600,54370,6.802e+00,0.000e+00,1.800e+00,1.000e+00,2.799e+00,0.000e+00,1.999e-01,8.006e-01,9.000e+01,3.981e-01,1.000e+00,7.000e-01,2.799e+00,1.000e+00,1.999e+00,2.003e-01,5.994e-01,0.000e+00,1.90
8700,8700,54965,5.299e+00,0.000e+00,3.100e+00,2.997e+00,1.998e+00,0.000e+00,5.995e-01,2.398e+00,5.000e+01,-2.299e+00,6.000e-01,2.600e+00,1.998e+00,2.997e+00,1.199e+00,7.705e-04,7.986e-01,0.000e+00,3.40
8800,8800,55533,6.402e+00,1.000e-01,2.100e+00,3.799e+00,3.797e+00,2.000e-01,7.994e-01,2.800e+00,7.000e+01,-1.302e+00,1.100e+00,1.300e+00,3.797e+00,3.799e+00,2.199e+00,7.344e-04,1.597e+00,0.000e+00,2.60
8900,8900,56139,6.134e+00,0.000e+00,1.700e+00,2.929e+00,3.394e+00,0.000e+00,9.839e-01,1.945e+00,7.000e+01,-7.344e-01,9.000e-01,1.200e+00,3.394e+00,2.929e+00,1.800e+00,2.302e-04,1.594e+00,0.000e+00,2.20
9000,9000,56702,6.602e+00,0.000e+00,2.200e+00,1.204e-04,1.798e+00,0.000e+00,9.248e-05,2.787e-05,9.000e+01,4.981e-01,9.000e-01,1.300e+00,1.798e+00,1.204e-04,1.798e+00,1.671e-04,2.295e-06,0.000e+00,2.30
9100,9100,57286,6.025e+00,1.000e-01,2.500e+00,4.005e+00,3.180e+00,2.000e-01,5.999e-01,3.205e+00,6.000e+01,-2.325e+00,8.000e-01,1.800e+00,3.180e+00,4.005e+00,1.599e+00,2.959e-04,1.581e+00,0.000e+00,2.90
9200,9200,57852,5.520e+00,1.000e-01,2.800e+00,4.202e+00,1.782e+00,2.000e-01,1.200e+00,2.803e+00,5.000e+01,-3.020e+00,5.000e-01,2.500e+00,1.782e+00,4.202e+00,9.978e-01,3.633e-04,7.842e-01,0.000e+00,3.50
9300,9300,58431,7.589e+00,1.000e-01,1.800e+00,2.402e+00,2.313e+00,2.000e-01,3.999e-01,1.802e+00,8.000e+01,-1.489e+00,9.000e-01,1.200e+00,2.313e+00,2.402e+00,1.788e+00,0.000e+00,5.248e-01,0.000e+00,2.10
9400,9400,58970,7.611e+00,0.000e+00,2.000e+00,2.002e+00,1.991e+00,0.000e+00,3.999e-01,1.602e+00,8.000e+01,-1.411e+00,1.000e+00,1.100e+00,1.991e+00,2.002e+00,1.986e+00,1.011e-05,5.204e-03,0.000e+00,2.20
9500,9500,59493,7.762e+00,0.000e+00,2.400e+00,4.200e+00,1.739e+00,0.000e+00,9.980e-01,3.202e+00,6.000e+01,-4.062e+00,9.000e-01,1.700e+00,1.739e+00,4.200e+00,1.736e+00,1.278e-05,2.675e-03,0.000e+00,2.90
9600,9600,60060,7.191e+00,0.000e+00,2.700e+00,2.002e+00,1.211e+00,0.000e+00,3.999e-01,1.602e+00,7.000e+01,-2.191e+00,8.000e-01,1.800e+00,1.211e+00,2.002e+00,1.210e+00,1.063e-05,4.259e-04,0.000e+00,2.90
9700,9700,60598,6.342e+00,1.000e-01,2.100e+00,1.209e+00,1.167e+00,2.000e-01,2.074e-01,8.016e-01,8.000e+01,-3.419e-01,7.000e-01,1.400e+00,1.167e+00,1.209e+00,1.167e+00,9.466e-05,1.923e-07,0.000e+00,2.40
9800,9800,61151,7.705e+00,0.000e+00,2.800e+00,3.001e+00,1.596e+00,0.000e+00,5.999e-01,2.401e+00,7.000e+01,-2.905e+00,8.000e-01,1.900e+00,1.596e+00,3.001e+00,1.594e+00,5.600e-04,1.529e-03,0.000e+00,3.10
9900,9900,61674,6.805e+00,0.000e+00,2.100e+00,1.001e+00,1.796e+00,0.000e+00,2.000e-01,8.013e-01,8.000e+01,-5.050e-01,9.000e-01,1.300e+00,1.796e+00,1.001e+00,1.795e+00,0.000e+00,1.175e-03,0.000e+00,2.20
10000,10000,62248,7.507e+00,0.000e+00,2.800e+00,2.001e+00,1.794e+00,0.000e+00,3.999e-01,1.601e+00,8.000e+01,-2.107e+00,9.000e-01,1.600e+00,1.794e+00,2.001e+00,1.793e+00,1.329e-04,6.145e-04,0.000e+00,3.00
10100,10100,62809,7.100e+00,1.000e-01,2.600e+00,2.995e+00,1.994e+00,2.000e-01,5.940e-01,2.201e+00,7.000e+01,-2.600e+00,1.000e+00,1.600e+00,1.994e+00,2.995e+00,1.992e+00,2.375e-04,2.372e-03,0.000e+00,3.00
10200,10200,63293,6.218e+00,0.000e+00,2.800e+00,4.003e+00,2.085e+00,0.000e+00,8.025e-01,3.200e+00,5.000e+01,-3.418e+00,9.000e-01,2.400e+00,2.085e+00,4.003e+00,1.798e+00,0.000e+00,2.868e-01,0.000e+00,3.30
10300,10300,63845,6.769e+00,2.000e-01,2.100e+00,4.400e+00,1.931e+00,4.000e-01,1.400e+00,2.600e+00,6.000e+01,-2.869e+00,9.000e-01,1.900e+00,1.931e+00,4.400e+00,1.794e+00,8.137e-05,1.365e-01,0.000e+00,3.00
10400,10400,64376,7.609e+00,0.000e+00,2.900e+00,4.000e+00,1.591e+00,0.000e+00,1.200e+00,2.800e+00,6.000e+01,-4.009e+00,8.000e-01,2.200e+00,1.591e+00,4.000e+00,1.591e+00,1.045e-04,1.225e-04,0.000e+00,3.50
10500,10500,64944,7.607e+00,1.000e-01,1.800e+00,2.000e+00,1.994e+00,2.000e-01,1.999e-01,1.600e+00,8.000e+01,-1.307e+00,1.000e+00,9.000e-01,1.994e+00,2.000e+00,1.993e+00,2.885e-05,1.968e-04,0.000e+00,2.00
10600,10600,65471,7.697e+00,0.000e+00,2.300e+00,3.584e+00,2.087e+00,0.000e+00,9.840e-01,2.600e+00,7.000e+01,-2.897e+00,1.100e+00,1.500e+00,2.087e+00,3.584e+00,2.087e+00,2.849e-05,6.597e-05,0.000e+00,2.80
10700,10700,66022,8.077e+00,0.000e+00,2.200e+00,3.399e+00,1.722e+00,0.000e+00,7.994e-01,2.600e+00,7.000e+01,-3.177e+00,1.000e+00,1.400e+00,1.722e+00,3.399e+00,1.721e+00,2.674e-05,3.001e-04,0.000e+00,2.60
10800,10800,66587,7.363e+00,0.000e+00,2.500e+00,1.369e+00,1.206e+00,0.000e+00,3.698e-01,9.992e-01,8.000e+01,-2.063e+00,1.000e+00,1.500e+00,1.206e+00,1.369e+00,1.206e+00,4.329e-05,2.095e-04,0.000e+00,2.80
10900,10900,67152,7.204e+00,1.000e-01,2.000e+00,3.199e+00,1.395e+00,2.000e-01,5.996e-01,2.400e+00,7.000e+01,-2.004e+00,8.000e-01,1.500e+00,1.395e+00,3.199e+00,1.395e+00,3.255e-05,2.239e-04,0.000e+00,2.40
11000,11000,67708,8.338e+00,0.000e+00,1.700e+00,1.399e+00,1.661e+00,0.000e+00,3.997e-01,9.996e-01,9.000e+01,-9.384e-01,1.000e+00,8.000e-01,1.661e+00,1.399e+00,1.661e+00,1.425e-04,6.656e-08,0.000e+00,1.90
11100,11100,68248,7.992e+00,0.000e+00,2.200e+00,2.000e+00,1.608e+00,0.000e+00,3.998e-01,1.600e+00,8.000e+01,-1.792e+00,1.000e+00,1.200e+00,1.608e+00,2.000e+00,1.607e+00,6.207e-05,2.842e-04,0.000e+00,2.40
11200,11200,68781,8.125e+00,0.000e+00,2.200e+00,3.000e+00,1.375e+00,0.000e+00,5.998e-01,2.400e+00,7.000e+01,-3.025e+00,9.000e-01,1.600e+00,1.375e+00,3.000e+00,1.375e+00,0.000e+00,1.148e-05,0.000e+00,2.50
11300,11300,69365,8.615e+00,0.000e+00,1.900e+00,3.600e+00,1.584e+00,0.000e+00,9.997e-01,2.600e+00,7.000e+01,-3.315e+00,8.000e-01,1.300e+00,1.584e+00,3.600e+00,1.584e+00,2.972e-04,2.391e-04,0.000e+00,2.40
11400,11400,69885,8.197e+00,1.000e-01,1.300e+00,1.800e+00,2.402e+00,2.000e-01,3.998e-01,1.200e+00,9.000e+01,-4.972e-01,1.200e+00,4.000e-01,2.402e+00,1.800e+00,2.399e+00,0.000e+00,3.706e-03,0.000e+00,1.60
11500,11500,70473,5.610e+00,1.000e-01,3.100e+00,4.999e+00,1.488e+00,2.000e-01,1.199e+00,3.599e+00,3.000e+01,-5.210e+00,7.000e-01,2.800e+00,1.488e+00,4.999e+00,1.256e+00,1.982e-01,3.449e-02,0.000e+00,3.80
11600,11600,70970,7.403e+00,1.000e-01,1.900e+00,2.197e+00,1.195e+00,1.980e-01,3.998e-01,1.600e+00,8.000e+01,-1.303e+00,8.000e-01,1.400e+00,1.195e+00,2.197e+00,1.194e+00,0.000e+00,1.867e-04,0.000e+00,2.20
11700,11700,71480,8.416e+00,0.000e+00,2.600e+00,3.399e+00,1.383e+00,0.000e+00,7.996e-01,2.599e+00,7.000e+01,-3.716e+00,1.000e+00,1.700e+00,1.383e+00,3.399e+00,1.381e+00,6.417e-06,1.274e-03,0.000e+00,3.00
11800,11800,71992,7.544e+00,0.000e+00,2.400e+00,3.882e+00,1.638e+00,0.000e+00,1.083e+00,2.799e+00,6.000e+01,-3.944e+00,1.000e+00,1.800e+00,1.638e+00,3.882e+00,1.636e+00,4.855e-06,1.488e-03,0.000e+00,3.00
11900,11900,72528,8.929e+00,0.000e+00,1.900e+00,3.598e+00,2.270e+00,0.000e+00,9.994e-01,2.599e+00,8.000e+01,-2.629e+00,1.200e+00,1.100e+00,2.270e+00,3.598e+00,2.269e+00,1.531e-05,6.493e-04,0.000e+00,2.40
12000,12000,73108,8.203e+00,0.000e+00,2.300e+00,5.398e+00,1.396e+00,0.000e+00,1.999e+00,3.399e+00,5.000e+01,-5.403e+00,8.000e-01,2.200e+00,1.396e+00,5.398e+00,1.395e+00,1.846e-05,2.813e-04,0.000e+00,3.30
12100,12100,73581,8.736e+00,0.000e+00,2.200e+00,3.398e+00,1.262e+00,0.000e+00,7.996e-01,2.599e+00,7.000e+01,-3.436e+00,8.000e-01,1.700e+00,1.262e+00,3.398e+00,1.262e+00,2.571e-06,4.253e-05,0.000e+00,2.60
12200,12200,74033,8.103e+00,0.000e+00,2.100e+00,3.399e+00,1.797e+00,0.000e+00,7.996e-01,2.599e+00,7.000e+01,-3.003e+00,1.100e+00,1.300e+00,1.797e+00,3.399e+00,1.796e+00,3.047e-06,1.108e-04,0.000e+00,2.50
12300,12300,74507,9.153e+00,1.000e-01,2.200e+00,6.001e+00,2.047e+00,2.000e-01,1.800e+00,4.001e+00,6.000e+01,-5.553e+00,1.200e+00,1.800e+00,2.047e+00,6.001e+00,2.047e+00,5.825e-06,9.090e-05,0.000e+00,3.20
12400,12400,74992,8.808e+00,0.000e+00,1.600e+00,2.207e+00,2.199e+00,0.000e+00,8.000e-01,1.407e+00,9.000e+01,-1.308e+00,1.200e+00,7.000e-01,2.199e+00,2.207e+00,2.199e+00,3.570e-09,0.000e+00,0.000e+00,2.00
12500,12500,75524,9.495e+00,0.000e+00,2.500e+00,3.604e+00,1.409e+00,0.000e+00,8.000e-01,2.804e+00,8.000e+01,-4.095e+00,1.100e+00,1.500e+00,1.409e+00,3.604e+00,1.408e+00,1.581e-05,8.961e-04,0.000e+00,2.90
12600,12600,76014,8.305e+00,0.000e+00,1.700e+00,2.804e+00,2.199e+00,0.000e+00,8.000e-01,2.004e+00,8.000e+01,-1.905e+00,1.200e+00,9.000e-01,2.199e+00,2.804e+00,2.199e+00,0.000e+00,5.465e-04,0.000e+00,2.10
12700,12700,76482,8.508e+00,0.000e+00,1.700e+00,3.201e+00,2.393e+00,0.000e+00,1.200e+00,2.001e+00,8.000e+01,-2.208e+00,1.300e+00,1.000e+00,2.393e+00,3.201e+00,2.393e+00,0.000e+00,3.062e-04,0.000e+00,2.30
12800,12800,76962,8.103e+00,0.000e+00,2.100e+00,2.001e+00,1.198e+00,0.000e+00,6.000e-01,1.401e+00,8.000e+01,-2.103e+00,1.000e+00,9.000e-01,1.198e+00,2.001e+00,1.198e+00,1.132e-06,1.264e-05,0.000e+00,2.40
12900,12900,77393,8.003e+00,0.000e+00,1.600e+00,2.401e+00,2.198e+00,0.000e+00,6.000e-01,1.801e+00,8.000e+01,-1.403e+00,1.100e+00,8.000e-01,2.198e+00,2.401e+00,2.198e+00,0.000e+00,1.498e-04,0.000e+00,1.90
13000,13000,77868,8.904e+00,0.000e+00,1.100e+00,1.601e+00,2.597e+00,0.000e+00,8.000e-01,8.007e-01,1.000e+02,-1.038e-01,1.400e+00,1.000e-01,2.597e+00,1.601e+00,2.597e+00,0.000e+00,0.000e+00,0.000e+00,1.50
13100,13100,78338,8.972e+00,1.000e-01,1.200e+00,2.800e+00,2.529e+00,2.000e-01,1.200e+00,1.400e+00,1.000e+02,-5.717e-01,1.400e+00,5.000e-01,2.529e+00,2.800e+00,2.529e+00,0.000e+00,1.591e-05,0.000e+00,1.90
13200,13200,78843,1.000e+01,0.000e+00,1.200e+00,3.000e+00,2.800e+00,0.000e+00,1.400e+00,1.600e+00,1.000e+02,-1.600e+00,1.500e+00,3.000e-01,2.800e+00,3.000e+00,2.800e+00,1.467e-06,1.401e-04,0.000e+00,1.90
13300,13300,79312,9.201e+00,0.000e+00,1.500e+00,3.600e+00,2.199e+00,0.000e+00,1.400e+00,2.200e+00,8.000e+01,-2.401e+00,1.100e+00,1.000e+00,2.199e+00,3.600e+00,2.199e+00,1.771e-06,0.000e+00,0.000e+00,2.20
13400,13400,79719,9.896e+00,0.000e+00,1.200e+00,4.200e+00,4.004e+00,0.000e+00,2.200e+00,2.000e+00,1.000e+02,-1.396e+00,2.100e+00,1.000e-01,4.004e+00,4.200e+00,4.004e+00,1.058e-06,6.294e-05,0.000e+00,2.30
13500,13500,80162,1.044e+01,0.000e+00,1.500e+00,3.600e+00,2.963e+00,0.000e+00,1.400e+00,2.200e+00,1.000e+02,-2.137e+00,1.500e+00,7.000e-01,2.963e+00,3.600e+00,2.963e+00,0.000e+00,5.986e-08,0.000e+00,2.20
13600,13600,80603,9.194e+00,0.000e+00,1.500e+00,1.986e+00,2.392e+00,0.000e+00,7.860e-01,1.201e+00,1.000e+02,-1.094e+00,1.300e+00,5.000e-01,2.392e+00,1.986e+00,2.392e+00,0.000e+00,2.647e-08,0.000e+00,1.90
13700,13700,81018,9.503e+00,0.000e+00,1.300e+00,4.200e+00,3.597e+00,0.000e+00,2.000e+00,2.200e+00,9.000e+01,-1.803e+00,1.800e+00,5.000e-01,3.597e+00,4.200e+00,3.597e+00,0.000e+00,3.642e-08,0.000e+00,2.30
13800,13800,81454,1.011e+01,0.000e+00,1.900e+00,3.600e+00,2.988e+00,0.000e+00,1.400e+00,2.200e+00,1.000e+02,-2.412e+00,1.700e+00,9.000e-01,2.988e+00,3.600e+00,2.988e+00,0.000e+00,1.001e-07,0.000e+00,2.60
13900,13900,81890,9.706e+00,0.000e+00,1.200e+00,3.600e+00,3.794e+00,0.000e+00,2.000e+00,1.600e+00,1.000e+02,-1.006e+00,1.900e+00,3.000e-01,3.794e+00,3.600e+00,3.794e+00,0.000e+00,2.878e-08,0.000e+00,2.20
14000,14000,82337,9.710e+00,0.000e+00,1.100e+00,3.200e+00,3.390e+00,0.000e+00,1.600e+00,1.600e+00,1.000e+02,-1.210e+00,1.700e+00,1.000e-01,3.390e+00,3.200e+00,3.389e+00,5.534e-04,5.131e-09,0.000e+00,1.90
14100,14100,82791,9.603e+00,0.000e+00,1.000e+00,4.000e+00,4.397e+00,0.000e+00,2.400e+00,1.600e+00,1.000e+02,-6.033e-01,2.200e+00,0.000e+00,4.397e+00,4.000e+00,4.397e+00,0.000e+00,0.000e+00,0.000e+00,2.20
14200,14200,83246,1.000e+01,0.000e+00,1.000e+00,4.200e+00,4.197e+00,0.000e+00,2.400e+00,1.800e+00,1.000e+02,-1.203e+00,2.100e+00,1.000e-01,4.197e+00,4.200e+00,4.197e+00,0.000e+00,2.521e-08,0.000e+00,2.20
14300,14300,83732,9.406e+00,0.000e+00,1.200e+00,2.000e+00,2.394e+00,0.000e+00,1.200e+00,8.002e-01,1.000e+02,-9.061e-01,1.400e+00,3.000e-01,2.394e+00,2.000e+00,2.394e+00,6.087e-08,0.000e+00,0.000e+00,1.80
14400,14400,84202,1.075e+01,1.000e-01,1.300e+00,4.600e+00,3.453e+00,2.000e-01,2.400e+00,2.000e+00,1.000e+02,-2.547e+00,1.900e+00,4.000e-01,3.453e+00,4.600e+00,3.453e+00,3.675e-08,0.000e+00,0.000e+00,2.60
14500,14500,84686,9.608e+00,0.000e+00,1.000e+00,3.600e+00,3.992e+00,0.000e+00,2.000e+00,1.600e+00,1.000e+02,-6.077e-01,2.000e+00,0.000e+00,3.992e+00,3.600e+00,3.992e+00,0.000e+00,0.000e+00,0.000e+00,2.00
14600,14600,85204,1.002e+01,0.000e+00,1.000e+00,5.200e+00,5.181e+00,0.000e+00,3.400e+00,1.800e+00,1.000e+02,-1.219e+00,2.600e+00,1.000e-01,5.181e+00,5.200e+00,5.181e+00,0.000e+00,0.000e+00,0.000e+00,2.70
14700,14700,85872,8.844e+00,0.000e+00,9.000e-01,6.400e+00,6.556e+00,0.000e+00,4.800e+00,1.600e+00,9.000e+01,-8.443e-01,3.300e+00,0.000e+00,6.556e+00,6.400e+00,6.556e+00,0.000e+00,0.000e+00,0.000e+00,3.30
14800,14800,86538,8.812e+00,1.000e-01,9.000e-01,5.800e+00,5.788e+00,2.000e-01,4.000e+00,1.600e+00,9.000e+01,-1.212e+00,2.900e+00,1.000e-01,5.788e+00,5.800e+00,5.788e+00,0.000e+00,2.446e-06,0.000e+00,3.00
14900,14900,87188,9.623e+00,0.000e+00,1.000e+00,4.600e+00,4.977e+00,0.000e+00,3.000e+00,1.600e+00,1.000e+02,-6.231e-01,2.500e+00,0.000e+00,4.977e+00,4.600e+00,4.977e+00,0.000e+00,0.000e+00,0.000e+00,2.50
15000,15000,87829,1.026e+01,0.000e+00,1.000e+00,6.000e+00,5.742e+00,0.000e+00,4.000e+00,2.000e+00,1.000e+02,-1.458e+00,2.900e+00,1.000e-01,5.742e+00,6.000e+00,5.742e+00,0.000e+00,0.000e+00,0.000e+00,3.00
15100,15100,88448,1.051e+01,0.000e+00,1.000e+00,6.000e+00,5.494e+00,0.000e+00,4.000e+00,2.000e+00,1.000e+02,-1.606e+00,2.900e+00,1.000e-01,5.494e+00,6.000e+00,5.494e+00,0.000e+00,0.000e+00,0.000e+00,3.00
15200,15200,89114,1.245e+01,2.000e-01,4.000e-01,8.800e+00,5.235e-02,4.000e-01,7.600e+00,8.000e-01,4.000e+01,-9.747e+00,4.400e+00,0.000e+00,5.235e-02,8.800e+00,5.235e-02,0.000e+00,0.000e+00,0.000e+00,4.40
15300,15300,89856,1.279e+01,0.000e+00,5.000e-01,7.800e+00,8.997e-03,0.000e+00,7.000e+00,8.000e-01,5.000e+01,-8.991e+00,3.900e+00,1.000e-01,8.997e-03,7.800e+00,8.997e-03,0.000e+00,0.000e+00,0.000e+00,4.00
15400,15400,90513,1.529e+01,1.000e-01,9.000e-01,6.400e+00,9.086e-03,2.000e-01,4.400e+00,1.800e+00,1.000e+02,-6.691e+00,2.800e+00,4.000e-01,9.086e-03,6.400e+00,9.086e-03,0.000e+00,0.000e+00,0.000e+00,3.20
15500,15500,91132,1.369e+01,2.000e-01,9.000e-01,5.000e+00,6.085e-03,4.000e-01,3.200e+00,1.400e+00,9.000e+01,-5.994e+00,2.700e+00,0.000e+00,6.085e-03,5.000e+00,6.085e-03,0.000e+00,0.000e+00,0.000e+00,2.70
15600,15600,91738,1.480e+01,0.000e+00,1.000e+00,4.800e+00,2.170e-03,0.000e+00,3.200e+00,1.600e+00,1.000e+02,-5.798e+00,2.600e+00,0.000e+00,2.170e-03,4.800e+00,2.170e-03,0.000e+00,0.000e+00,0.000e+00,2.60
15700,15700,92349,1.320e+01,0.000e+00,7.000e-01,6.200e+00,2.048e-03,0.000e+00,4.800e+00,1.400e+00,7.000e+01,-7.198e+00,3.100e+00,0.000e+00,2.048e-03,6.200e+00,2.048e-03,0.000e+00,0.000e+00,0.000e+00,3.10
15800,15800,92935,1.380e+01,0.000e+00,9.000e-01,4.800e+00,1.775e-03,0.000e+00,3.200e+00,1.600e+00,9.000e+01,-5.798e+00,2.400e+00,0.000e+00,1.775e-03,4.800e+00,1.775e-03,0.000e+00,0.000e+00,0.000e+00,2.50
15900,15900,93508,1.400e+01,0.000e+00,8.000e-01,6.000e+00,2.411e-03,0.000e+00,4.600e+00,1.400e+00,8.000e+01,-6.997e+00,3.100e+00,0.000e+00,2.411e-03,6.000e+00,2.411e-03,0.000e+00,0.000e+00,0.000e+00,3.10
16000,16000,94087,1.420e+01,0.000e+00,1.000e+00,4.200e+00,1.510e-03,0.000e+00,2.800e+00,1.400e+00,1.000e+02,-5.198e+00,2.400e+00,0.000e+00,1.510e-03,4.200e+00,1.510e-03,0.000e+00,0.000e+00,0.000e+00,2.40
16100,16100,94660,1.400e+01,0.000e+00,9.000e-01,5.000e+00,1.474e-03,0.000e+00,3.600e+00,1.400e+00,9.000e+01,-5.998e+00,2.700e+00,0.000e+00,1.474e-03,5.000e+00,1.474e-03,0.000e+00,0.000e+00,0.000e+00,2.70
16200,16200,95223,1.460e+01,1.000e-01,8.000e-01,6.799e+00,2.344e-03,2.000e-01,5.000e+00,1.600e+00,8.000e+01,-7.797e+00,3.300e+00,0.000e+00,2.344e-03,6.799e+00,2.344e-03,0.000e+00,0.000e+00,0.000e+00,3.40
16300,16300,95774,1.260e+01,0.000e+00,9.000e-01,3.600e+00,1.017e-03,0.000e+00,2.400e+00,1.200e+00,9.000e+01,-4.599e+00,2.100e+00,0.000e+00,1.017e-03,3.600e+00,1.017e-03,0.000e+00,0.000e+00,0.000e+00,2.10
16400,16400,96310,1.380e+01,0.000e+00,1.000e+00,3.799e+00,2.099e-03,0.000e+00,2.200e+00,1.600e+00,1.000e+02,-4.897e+00,2.000e+00,1.000e-01,2.099e-03,3.799e+00,2.099e-03,0.000e+00,0.000e+00,0.000e+00,2.10
16500,16500,96835,1.440e+01,0.000e+00,9.000e-01,5.399e+00,1.256e-03,0.000e+00,3.800e+00,1.600e+00,9.000e+01,-6.398e+00,2.700e+00,0.000e+00,1.256e-03,5.399e+00,1.256e-03,0.000e+00,0.000e+00,0.000e+00,2.80
16600,16600,97381,1.420e+01,0.000e+00,1.000e+00,4.199e+00,9.382e-04,0.000e+00,2.600e+00,1.600e+00,1.000e+02,-5.198e+00,2.300e+00,0.000e+00,9.382e-04,4.199e+00,9.382e-04,0.000e+00,0.000e+00,0.000e+00,2.30
16700,16700,97920,1.530e+01,3.000e-01,9.000e-01,6.599e+00,2.843e-03,6.000e-01,4.200e+00,1.799e+00,9.000e+01,-7.696e+00,3.000e+00,1.000e-01,2.843e-03,6.599e+00,2.843e-03,0.000e+00,0.000e+00,0.000e+00,3.30
16800,16800,98456,1.438e+01,1.000e-01,1.100e+00,4.578e+00,9.398e-04,2.000e-01,2.399e+00,1.979e+00,1.000e+02,-5.777e+00,2.300e+00,1.000e-01,9.398e-04,4.578e+00,9.398e-04,0.000e+00,0.000e+00,0.000e+00,2.40
16900,16900,99004,1.279e+01,0.000e+00,6.000e-01,6.796e+00,1.038e-03,0.000e+00,5.598e+00,1.198e+00,6.000e+01,-7.795e+00,3.300e+00,0.000e+00,1.038e-03,6.796e+00,1.038e-03,0.000e+00,0.000e+00,0.000e+00,3.40
17000,17000,99598,1.519e+01,1.000e-01,1.000e+00,6.394e+00,1.177e-03,2.000e-01,4.197e+00,1.997e+00,9.000e+01,-7.593e+00,3.100e+00,1.000e-01,1.177e-03,6.394e+00,1.177e-03,0.000e+00,0.000e+00,0.000e+00,3.20
17100,17100,100185,1.499e+01,0.000e+00,9.000e-01,5.991e+00,9.739e-04,0.000e+00,4.196e+00,1.795e+00,9.000e+01,-6.990e+00,3.000e+00,0.000e+00,9.739e-04,5.991e+00,9.739e-04,0.000e+00,0.000e+00,0.000e+00,3.00
17200,17200,100784,1.379e+01,1.000e-01,9.000e-01,4.991e+00,1.040e-03,2.000e-01,3.194e+00,1.598e+00,9.000e+01,-6.090e+00,2.500e+00,1.000e-01,1.040e-03,4.991e+00,1.040e-03,0.000e+00,0.000e+00,0.000e+00,2.60
17300,17300,101369,1.102e+01,1.000e-01,1.100e+00,1.218e+00,1.118e-03,1.820e-01,8.511e-01,1.845e-01,1.000e+02,-2.416e+00,2.500e+00,1.000e-01,1.118e-03,1.218e+00,1.118e-03,0.000e+00,0.000e+00,0.000e+00,2.60
17400,17400,101992,9.898e+00,0.000e+00,1.100e+00,1.187e-03,3.155e-03,0.000e+00,1.187e-03,0.000e+00,1.000e+02,-1.398e+00,2.700e+00,1.000e-01,3.155e-03,1.187e-03,3.155e-03,0.000e+00,0.000e+00,0.000e+00,2.90
17500,17500,102554,9.497e+00,0.000e+00,1.300e+00,1.005e-04,2.761e-03,0.000e+00,1.005e-04,0.000e+00,1.000e+02,-1.797e+00,2.300e+00,1.000e-01,2.761e-03,1.005e-04,2.761e-03,0.000e+00,0.000e+00,0.000e+00,2.70
17600,17600,103095,9.799e+00,0.000e+00,1.200e+00,9.594e-05,1.324e-03,0.000e+00,9.594e-05,0.000e+00,1.000e+02,-1.399e+00,2.300e+00,0.000e+00,1.324e-03,9.594e-05,1.324e-03,0.000e+00,0.000e+00,0.000e+00,2.50
17700,17700,103645,9.899e+00,0.000e+00,1.200e+00,4.893e-05,1.122e-03,0.000e+00,4.893e-05,0.000e+00,1.000e+02,-1.199e+00,2.100e+00,2.000e-01,1.122e-03,4.893e-05,1.122e-03,0.000e+00,0.000e+00,0.000e+00,2.30
17800,17800,104131,8.994e+00,0.000e+00,9.000e-01,1.064e-04,5.666e-03,0.000e+00,1.064e-04,0.000e+00,9.000e+01,-1.294e+00,2.000e+00,2.000e-01,5.666e-03,1.064e-04,5.666e-03,0.000e+00,0.000e+00,0.000e+00,2.20
17900,17900,104574,9.899e+00,1.000e-01,1.000e+00,2.405e-04,8.785e-04,2.014e-04,3.903e-05,4.009e-08,1.000e+02,-9.994e-01,1.900e+00,0.000e+00,8.785e-04,2.405e-04,8.785e-04,0.000e+00,0.000e+00,0.000e+00,2.00
18000,18000,105021,9.999e+00,0.000e+00,1.000e+00,3.549e-05,5.732e-04,0.000e+00,3.549e-05,0.000e+00,1.000e+02,-9.995e-01,1.800e+00,0.000e+00,5.732e-04,3.549e-05,5.732e-04,0.000e+00,0.000e+00,0.000e+00,1.90
18100,18100,105457,9.700e+00,0.000e+00,1.400e+00,4.924e-05,5.086e-04,0.000e+00,4.924e-05,0.000e+00,1.000e+02,-1.500e+00,2.100e+00,2.000e-01,5.086e-04,4.924e-05,5.086e-04,0.000e+00,0.000e+00,0.000e+00,2.60
18200,18200,105913,1.000e+01,0.000e+00,1.000e+00,3.480e-05,4.237e-04,0.000e+00,3.480e-05,0.000e+00,1.000e+02,-9.996e-01,2.000e+00,0.000e+00,4.237e-04,3.480e-05,4.237e-04,0.000e+00,0.000e+00,0.000e+00,2.00
18300,18300,106337,9.999e+00,0.000e+00,1.000e+00,2.293e-05,9.936e-04,0.000e+00,2.293e-05,0.000e+00,1.000e+02,-1.199e+00,1.800e+00,1.000e-01,9.936e-04,2.293e-05,9.936e-04,0.000e+00,0.000e+00,0.000e+00,1.90
18400,18400,106734,9.800e+00,1.000e-01,1.100e+00,6.783e-04,4.081e-04,6.404e-04,3.782e-05,6.834e-09,1.000e+02,-1.100e+00,2.000e+00,1.000e-01,4.081e-04,6.783e-04,4.081e-04,0.000e+00,0.000e+00,0.000e+00,2.10
18500,18500,107117,1.000e+01,0.000e+00,1.000e+00,9.212e-06,2.378e-04,0.000e+00,9.212e-06,0.000e+00,1.000e+02,-9.998e-01,1.600e+00,0.000e+00,2.378e-04,9.212e-06,2.378e-04,0.000e+00,0.000e+00,0.000e+00,1.60
18600,18600,107500,9.800e+00,0.000e+00,1.300e+00,1.080e-05,2.085e-04,0.000e+00,1.080e-05,0.000e+00,1.000e+02,-1.400e+00,1.700e+00,3.000e-01,2.085e-04,1.080e-05,2.085e-04,0.000e+00,0.000e+00,0.000e+00,2.00
18700,18700,107874,9.800e+00,1.000e-01,1.100e+00,1.430e-04,3.061e-04,1.157e-04,2.730e-05,7.466e-09,1.000e+02,-1.200e+00,1.800e+00,1.000e-01,3.061e-04,1.430e-04,3.061e-04,0.000e+00,0.000e+00,0.000e+00,1.90
18800,18800,108266,1.000e+01,0.000e+00,1.000e+00,2.983e-05,2.483e-04,0.000e+00,2.983e-05,0.000e+00,1.000e+02,-1.200e+00,1.900e+00,0.000e+00,2.483e-04,2.983e-05,2.483e-04,0.000e+00,0.000e+00,0.000e+00,2.00
18900,18900,108676,9.800e+00,1.000e-01,1.100e+00,8.583e-05,2.945e-04,7.167e-05,1.416e-05,5.867e-09,1.000e+02,-1.200e+00,1.800e+00,1.000e-01,2.945e-04,8.583e-05,2.945e-04,0.000e+00,0.000e+00,0.000e+00,1.90
19000,19000,109109,9.799e+00,0.000e+00,1.100e+00,6.355e-05,7.222e-04,0.000e+00,6.355e-05,0.000e+00,1.000e+02,-1.199e+00,2.500e+00,1.000e-01,7.222e-04,6.355e-05,7.222e-04,0.000e+00,0.000e+00,0.000e+00,2.70
19100,19100,109541,9.800e+00,0.000e+00,1.200e+00,1.526e-05,2.073e-04,0.000e+00,1.526e-05,0.000e+00,1.000e+02,-1.400e+00,1.800e+00,3.000e-01,2.073e-04,1.526e-05,2.073e-04,0.000e+00,0.000e+00,0.000e+00,2.10
19200,19200,109995,1.000e+01,0.000e+00,1.000e+00,1.591e-05,2.845e-04,0.000e+00,1.591e-05,0.000e+00,1.000e+02,-9.997e-01,2.100e+00,0.000e+00,2.845e-04,1.591e-05,2.845e-04,0.000e+00,0.000e+00,0.000e+00,2.10
19300,19300,110427,1.000e+01,0.000e+00,1.000e+00,7.196e-06,2.909e-04,0.000e+00,7.196e-06,0.000e+00,1.000e+02,-9.997e-01,1.800e+00,0.000e+00,2.909e-04,7.196e-06,2.909e-04,0.000e+00,0.000e+00,0.000e+00,1.80
19400,19400,110861,1.000e+01,0.000e+00,1.000e+00,1.566e-05,2.804e-04,0.000e+00,1.566e-05,0.000e+00,1.000e+02,-9.997e-01,2.100e+00,0.000e+00,2.804e-04,1.566e-05,2.804e-04,0.000e+00,0.000e+00,0.000e+00,2.10
19500,19500,111298,1.000e+01,0.000e+00,1.000e+00,1.038e-05,2.290e-04,0.000e+00,1.038e-05,0.000e+00,1.000e+02,-9.998e-01,2.100e+00,0.000e+00,2.290e-04,1.038e-05,2.290e-04,0.000e+00,0.000e+00,0.000e+00,2.10
19600,19600,111716,9.900e+00,0.000e+00,1.100e+00,3.003e-06,1.621e-04,0.000e+00,3.003e-06,0.000e+00,1.000e+02,-1.200e+00,1.700e+00,1.000e-01,1.621e-04,3.003e-06,1.621e-04,0.000e+00,0.000e+00,0.000e+00,1.80
19700,19700,112090,1.000e+01,0.000e+00,1.000e+00,4.324e-06,1.469e-04,0.000e+00,4.324e-06,0.000e+00,1.000e+02,-9.999e-01,1.600e+00,0.000e+00,1.469e-04,4.324e-06,1.469e-04,0.000e+00,0.000e+00,0.000e+00,1.60
19800,19800,112500,9.999e+00,0.000e+00,1.000e+00,1.174e-05,6.057e-04,0.000e+00,1.174e-05,0.000e+00,1.000e+02,-1.099e+00,1.600e+00,1.000e-01,6.057e-04,1.174e-05,6.057e-04,0.000e+00,0.000e+00,0.000e+00,1.70
19900,19900,112889,9.900e+00,0.000e+00,1.100e+00,2.807e-06,1.855e-04,0.000e+00,2.807e-06,0.000e+00,1.000e+02,-9.998e-01,1.700e+00,0.000e+00,1.855e-04,2.807e-06,1.855e-04,0.000e+00,0.000e+00,0.000e+00,1.80
20000,20000,113284,1.000e+01,0.000e+00,1.000e+00,5.352e-06,2.274e-04,0.000e+00,5.352e-06,0.000e+00,1.000e+02,-9.998e-01,1.900e+00,0.000e+00,2.274e-04,5.352e-06,2.274e-04,0.000e+00,0.000e+00,0.000e+00,1.90
