episode,step_train,step,A1_reward_total,A1_n_lever,A1_n_door,A1_received,A1_given,A1_r-lever,A1_r-start,A1_r-door,A1_win_rate,A2_reward_total,A2_n_lever,A2_n_door,A2_received,A2_given,A2_r-lever,A2_r-start,A2_r-door,A2_win_rate,A3_reward_total,A3_n_lever,A3_n_door,A3_received,A3_given,A3_r-lever,A3_r-start,A3_r-door,A3_win_rate,A4_reward_total,A4_n_lever,A4_n_door,A4_received,A4_given,A4_r-lever,A4_r-start,A4_r-door,A4_win_rate,steps_per_eps
100,100,947,-6.538e+00,6.000e-01,2.200e+00,6.934e+00,1.117e+01,9.089e-01,1.909e+00,4.116e+00,3.000e+01,-1.790e+00,2.000e-01,1.300e+00,8.731e+00,1.172e+01,5.103e-01,5.259e+00,2.962e+00,0.000e+00,-2.260e+00,1.400e+00,5.000e-01,1.085e+01,1.071e+01,3.728e+00,5.836e+00,1.284e+00,0.000e+00,4.189e+00,1.300e+00,1.400e+00,1.411e+01,7.022e+00,4.470e+00,4.670e+00,4.972e+00,0.000e+00,4.00
200,200,1887,-9.610e+00,1.200e+00,2.700e+00,5.167e+00,1.218e+01,6.959e-01,9.447e-01,3.526e+00,0.000e+00,-7.341e+00,4.000e-01,1.400e+00,6.861e+00,1.160e+01,6.419e-01,4.591e+00,1.628e+00,0.000e+00,-8.282e+00,1.800e+00,1.200e+00,6.613e+00,1.109e+01,2.350e+00,2.660e+00,1.602e+00,0.000e+00,1.313e+01,8.000e-01,2.000e+00,1.970e+01,3.464e+00,2.961e+00,8.845e+00,7.891e+00,0.000e+00,5.00
300,300,2824,-9.736e+00,7.000e-01,2.900e+00,4.285e+00,1.072e+01,4.265e-01,6.443e-01,3.214e+00,1.000e+01,9.531e-01,5.000e-01,8.000e-01,1.287e+01,9.921e+00,1.376e+00,9.554e+00,1.944e+00,0.000e+00,-1.230e+01,7.000e-01,1.000e+00,1.211e+00,1.141e+01,2.208e-01,7.290e-01,2.610e-01,0.000e+00,1.188e+01,1.300e+00,1.500e+00,1.702e+01,3.333e+00,4.589e+00,7.161e+00,5.267e+00,0.000e+00,4.80
400,400,3775,5.233e+00,8.000e-01,2.800e+00,1.619e+01,8.060e+00,2.474e+00,3.142e+00,1.058e+01,1.000e+01,-3.580e+00,1.000e-01,1.500e+00,8.068e+00,9.647e+00,1.999e-01,5.461e+00,2.406e+00,0.000e+00,-1.149e+01,5.000e-01,1.000e+00,2.041e+00,1.243e+01,2.153e-01,1.385e+00,4.410e-01,0.000e+00,6.380e-01,2.100e+00,1.300e+00,1.325e+01,9.413e+00,6.271e+00,3.236e+00,3.744e+00,0.000e+00,4.60
500,500,4735,-5.425e+00,8.000e-01,2.600e+00,1.021e+01,1.244e+01,8.124e-01,1.670e+00,7.727e+00,1.000e+01,5.712e-01,3.000e-01,7.000e-01,1.212e+01,9.947e+00,8.326e-01,1.015e+01,1.137e+00,0.000e+00,-7.060e+00,9.000e-01,7.000e-01,6.169e+00,1.093e+01,1.143e+00,4.420e+00,6.064e-01,0.000e+00,2.914e+00,8.000e-01,1.900e+00,1.596e+01,1.114e+01,2.975e+00,6.636e+00,6.346e+00,0.000e+00,4.60
600,600,5699,-1.481e+01,6.000e-01,3.500e+00,4.170e+00,1.678e+01,2.085e-01,1.857e-01,3.776e+00,0.000e+00,7.141e+00,3.000e-01,8.000e-01,1.956e+01,1.062e+01,6.710e-01,1.752e+01,1.372e+00,0.000e+00,-1.254e+01,9.000e-01,4.000e-01,4.944e+00,1.528e+01,7.947e-01,3.894e+00,2.550e-01,0.000e+00,1.101e+01,8.000e-01,1.800e+00,2.191e+01,7.903e+00,3.559e+00,1.064e+01,7.714e+00,0.000e+00,5.00
700,700,6674,-1.384e+01,8.000e-01,3.100e+00,1.815e+00,1.275e+01,1.869e-01,6.069e-02,1.567e+00,0.000e+00,1.056e+01,2.000e-01,2.000e-01,2.227e+01,1.091e+01,2.306e-01,2.170e+01,3.436e-01,0.000e+00,-1.163e+01,4.000e-01,6.000e-01,2.760e+00,1.259e+01,2.023e-01,2.353e+00,2.047e-01,0.000e+00,6.608e+00,6.000e-01,2.300e+00,1.906e+01,9.649e+00,2.327e+00,8.209e+00,8.521e+00,0.000e+00,5.00
800,800,7670,-1.611e+01,3.000e-01,4.300e+00,2.332e+00,1.664e+01,8.755e-02,5.545e-02,2.189e+00,0.000e+00,1.108e+01,1.000e-01,2.000e-01,2.402e+01,1.233e+01,1.149e-01,2.369e+01,2.142e-01,0.000e+00,-1.108e+01,6.000e-01,3.000e-01,5.210e+00,1.469e+01,4.806e-01,4.596e+00,1.336e-01,0.000e+00,9.208e+00,4.000e-01,2.100e+00,2.224e+01,1.013e+01,1.914e+00,1.193e+01,8.393e+00,0.000e+00,5.00
900,900,8667,-1.142e+01,1.000e+00,2.500e+00,3.111e-01,9.033e+00,2.693e-02,2.912e-02,2.550e-01,0.000e+00,-5.491e+00,2.000e-01,1.000e-01,6.459e+00,1.135e+01,1.721e-01,6.199e+00,8.794e-02,0.000e+00,-8.670e+00,5.000e-01,5.000e-01,3.364e+00,1.023e+01,1.289e-01,3.175e+00,6.021e-02,0.000e+00,1.778e+01,1.100e+00,1.100e+00,2.129e+01,8.073e-01,4.725e+00,1.209e+01,4.474e+00,0.000e+00,5.00
1000,1000,9663,-2.394e+00,5.000e-01,3.700e+00,9.386e+00,9.980e+00,7.445e-01,1.108e+00,7.533e+00,0.000e+00,8.091e+00,1.000e-01,0.000e+00,1.975e+01,1.146e+01,9.192e-02,1.965e+01,0.000e+00,0.000e+00,-1.759e+01,4.000e-01,1.000e-01,2.056e+00,1.865e+01,5.423e-02,2.000e+00,1.840e-03,0.000e+00,6.697e+00,9.000e-01,8.000e-01,1.033e+01,1.435e+00,1.894e+00,6.890e+00,1.548e+00,0.000e+00,5.00
1100,1100,10658,5.965e+00,7.000e-01,3.300e+00,1.898e+01,1.072e+01,2.588e+00,3.760e+00,1.264e+01,0.000e+00,1.260e+01,1.000e-01,1.000e-01,2.443e+01,1.144e+01,2.428e-01,2.410e+01,9.347e-02,0.000e+00,-1.549e+01,2.000e-01,0.000e+00,4.647e+00,1.974e+01,4.689e-02,4.600e+00,0.000e+00,0.000e+00,-9.167e+00,5.000e-01,1.600e+00,8.387e-01,7.006e+00,1.307e-01,4.658e-01,2.422e-01,0.000e+00,5.00
1200,1200,11658,-3.323e+00,1.000e-01,4.400e+00,1.736e+01,1.908e+01,3.163e-01,1.627e+00,1.542e+01,0.000e+00,1.647e+01,1.000e-01,2.000e-01,2.690e+01,9.830e+00,3.557e-01,2.595e+01,5.888e-01,0.000e+00,-8.702e+00,2.000e-01,4.000e-01,1.206e+01,1.976e+01,3.466e-01,1.115e+01,5.659e-01,0.000e+00,-1.004e+01,2.000e-01,1.400e+00,7.871e-01,8.428e+00,2.753e-02,5.899e-01,1.697e-01,0.000e+00,5.00
1300,1300,12655,-1.787e+00,1.000e+00,3.700e+00,1.267e+01,1.206e+01,2.108e+00,5.314e-01,1.003e+01,0.000e+00,-1.493e+00,1.000e-01,1.000e-01,1.266e+01,1.375e+01,7.449e-02,1.257e+01,1.387e-02,0.000e+00,-3.604e+00,2.000e-01,1.000e-01,1.467e+01,1.767e+01,3.893e-01,1.412e+01,1.603e-01,0.000e+00,5.837e-01,1.300e+00,8.000e-01,6.917e+00,3.433e+00,1.669e+00,4.166e+00,1.082e+00,0.000e+00,5.00
1400,1400,13655,5.896e+00,7.000e-01,4.000e+00,2.044e+01,1.234e+01,2.583e+00,1.097e+00,1.676e+01,0.000e+00,-1.090e+01,0.000e+00,0.000e+00,9.315e+00,2.021e+01,0.000e+00,9.315e+00,0.000e+00,0.000e+00,-2.554e+00,3.000e-01,2.000e-01,1.140e+01,1.295e+01,3.713e-01,1.085e+01,1.801e-01,0.000e+00,2.255e+00,9.000e-01,4.000e-01,9.731e+00,5.375e+00,1.504e+00,7.639e+00,5.867e-01,0.000e+00,5.00
1500,1500,14655,9.262e+00,5.000e-01,3.800e+00,2.366e+01,1.260e+01,2.003e+00,2.781e+00,1.888e+01,0.000e+00,-1.104e+01,0.000e+00,0.000e+00,1.743e+01,2.847e+01,0.000e+00,1.743e+01,0.000e+00,0.000e+00,2.564e-01,1.000e-01,0.000e+00,1.971e+01,1.926e+01,2.510e-01,1.946e+01,0.000e+00,0.000e+00,-1.779e+00,1.000e-01,7.000e-01,9.258e+00,9.737e+00,1.680e-01,7.969e+00,1.121e+00,0.000e+00,5.00
1600,1600,15655,6.629e+00,6.000e-01,3.600e+00,1.891e+01,9.985e+00,2.143e+00,2.785e+00,1.399e+01,0.000e+00,-5.517e+00,0.000e+00,0.000e+00,1.432e+01,1.983e+01,0.000e+00,1.432e+01,0.000e+00,0.000e+00,-9.406e+00,0.000e+00,1.000e-01,9.497e+00,1.870e+01,0.000e+00,9.492e+00,5.348e-03,0.000e+00,4.994e+00,2.000e-01,3.000e-01,8.783e+00,2.989e+00,2.628e-01,8.149e+00,3.713e-01,0.000e+00,5.00
1700,1700,16651,7.437e+00,5.000e-01,3.900e+00,2.001e+01,1.077e+01,1.838e+00,2.051e+00,1.612e+01,0.000e+00,-3.360e+00,1.000e-01,0.000e+00,8.815e+00,1.197e+01,1.011e-02,8.805e+00,0.000e+00,0.000e+00,-5.160e+00,2.000e-01,1.000e-01,9.100e+00,1.366e+01,1.755e-02,9.076e+00,6.931e-03,0.000e+00,-2.218e+00,3.000e-01,1.000e-01,2.066e+00,3.584e+00,5.046e-02,2.003e+00,1.233e-02,0.000e+00,5.00
1800,1800,17651,5.796e+00,5.000e-01,4.300e+00,1.709e+01,9.594e+00,1.665e+00,6.092e-01,1.482e+01,0.000e+00,4.889e+00,0.000e+00,0.000e+00,1.581e+01,1.092e+01,0.000e+00,1.581e+01,0.000e+00,0.000e+00,-1.236e+01,2.000e-01,0.000e+00,6.480e+00,1.844e+01,8.275e-03,6.472e+00,0.000e+00,0.000e+00,-1.227e+00,4.000e-01,2.000e-01,2.644e+00,3.070e+00,6.460e-02,2.559e+00,2.053e-02,0.000e+00,5.00
1900,1900,18651,9.545e+00,2.000e-01,4.300e+00,2.265e+01,1.160e+01,7.343e-01,1.810e+00,2.010e+01,0.000e+00,-1.321e+01,0.000e+00,0.000e+00,1.319e+01,2.639e+01,0.000e+00,1.319e+01,0.000e+00,0.000e+00,-1.216e+00,0.000e+00,0.000e+00,1.843e+01,1.965e+01,0.000e+00,1.843e+01,0.000e+00,0.000e+00,2.777e+00,0.000e+00,3.000e-01,8.458e+00,5.080e+00,0.000e+00,8.174e+00,2.837e-01,0.000e+00,5.00
2000,2000,19651,8.691e+00,1.000e-01,4.300e+00,2.117e+01,1.128e+01,3.907e-01,2.052e+00,1.873e+01,0.000e+00,-5.625e+00,0.000e+00,0.000e+00,1.656e+01,2.219e+01,0.000e+00,1.656e+01,0.000e+00,0.000e+00,-3.838e+00,0.000e+00,1.000e-01,1.600e+01,1.964e+01,0.000e+00,1.599e+01,1.007e-02,0.000e+00,-1.127e+00,1.000e-01,2.000e-01,6.016e+00,6.644e+00,1.275e-02,5.993e+00,1.058e-02,0.000e+00,5.00
2100,2100,20651,1.530e+01,3.000e-01,4.400e+00,2.555e+01,8.744e+00,1.103e+00,1.182e+00,2.326e+01,0.000e+00,-1.240e+01,0.000e+00,0.000e+00,1.633e+01,2.873e+01,0.000e+00,1.633e+01,0.000e+00,0.000e+00,-5.400e+00,0.000e+00,1.000e-01,1.353e+01,1.873e+01,0.000e+00,1.347e+01,6.802e-02,0.000e+00,7.965e-01,0.000e+00,0.000e+00,9.780e+00,8.984e+00,0.000e+00,9.780e+00,0.000e+00,0.000e+00,5.00
2200,2200,21651,1.270e+01,4.000e-01,4.100e+00,2.544e+01,1.103e+01,1.218e+00,1.601e+00,2.262e+01,0.000e+00,-1.414e+01,0.000e+00,0.000e+00,1.117e+01,2.531e+01,0.000e+00,1.117e+01,0.000e+00,0.000e+00,-8.254e-01,0.000e+00,0.000e+00,1.649e+01,1.732e+01,0.000e+00,1.649e+01,0.000e+00,0.000e+00,3.664e-01,0.000e+00,1.000e-01,8.907e+00,8.340e+00,0.000e+00,8.892e+00,1.458e-02,0.000e+00,5.00
2300,2300,22651,1.135e+01,1.000e-01,4.500e+00,2.357e+01,1.092e+01,1.817e-01,8.128e-01,2.258e+01,0.000e+00,-2.187e+01,0.000e+00,0.000e+00,5.445e+00,2.732e+01,0.000e+00,5.445e+00,0.000e+00,0.000e+00,7.768e+00,0.000e+00,0.000e+00,1.830e+01,1.054e+01,0.000e+00,1.830e+01,0.000e+00,0.000e+00,1.056e+00,0.000e+00,2.000e-01,9.653e+00,8.197e+00,0.000e+00,9.599e+00,5.321e-02,0.000e+00,5.00
2400,2400,23651,8.962e+00,7.000e-01,4.100e+00,2.189e+01,1.103e+01,1.849e+00,3.817e-01,1.966e+01,0.000e+00,-1.466e+01,0.000e+00,0.000e+00,1.293e+01,2.759e+01,0.000e+00,1.293e+01,0.000e+00,0.000e+00,1.810e+00,0.000e+00,0.000e+00,1.935e+01,1.754e+01,0.000e+00,1.935e+01,0.000e+00,0.000e+00,1.686e+00,1.000e-01,1.000e-01,8.585e+00,6.599e+00,4.371e-02,8.408e+00,1.336e-01,0.000e+00,5.00
2500,2500,24651,1.438e+01,2.000e-01,4.300e+00,2.645e+01,1.067e+01,4.475e-01,1.259e+00,2.474e+01,0.000e+00,-1.935e+01,0.000e+00,1.000e-01,7.836e+00,2.698e+01,0.000e+00,7.833e+00,2.527e-03,0.000e+00,4.121e+00,0.000e+00,0.000e+00,1.958e+01,1.545e+01,0.000e+00,1.958e+01,0.000e+00,0.000e+00,-7.526e-01,0.000e+00,0.000e+00,7.870e+00,8.623e+00,0.000e+00,7.870e+00,0.000e+00,0.000e+00,5.00
2600,2600,25651,2.446e+00,3.000e-01,4.400e+00,1.400e+01,9.956e+00,3.567e-01,2.743e-01,1.337e+01,0.000e+00,-2.194e+01,0.000e+00,0.000e+00,1.843e+00,2.378e+01,0.000e+00,1.843e+00,0.000e+00,0.000e+00,1.569e+01,2.000e-01,0.000e+00,1.807e+01,2.181e+00,8.195e-02,1.799e+01,0.000e+00,0.000e+00,1.606e+00,0.000e+00,2.000e-01,8.868e+00,6.862e+00,0.000e+00,8.838e+00,2.999e-02,0.000e+00,5.00
2700,2700,26651,2.045e-01,3.000e-01,4.500e+00,1.163e+01,1.013e+01,3.258e-02,7.015e-03,1.159e+01,0.000e+00,-1.980e+01,0.000e+00,0.000e+00,1.459e+00,2.126e+01,0.000e+00,1.459e+00,0.000e+00,0.000e+00,1.228e+01,0.000e+00,0.000e+00,1.711e+01,4.829e+00,0.000e+00,1.711e+01,0.000e+00,0.000e+00,5.614e+00,0.000e+00,2.000e-01,1.207e+01,6.059e+00,0.000e+00,1.203e+01,4.649e-02,0.000e+00,5.00
2800,2800,27651,4.489e+00,4.000e-01,4.300e+00,1.483e+01,8.644e+00,2.670e-01,1.253e-01,1.444e+01,0.000e+00,-2.235e+01,0.000e+00,0.000e+00,2.178e+00,2.452e+01,0.000e+00,2.178e+00,0.000e+00,0.000e+00,7.971e+00,0.000e+00,0.000e+00,1.544e+01,7.466e+00,0.000e+00,1.544e+01,0.000e+00,0.000e+00,8.186e+00,0.000e+00,0.000e+00,1.603e+01,7.848e+00,0.000e+00,1.603e+01,0.000e+00,0.000e+00,5.00
2900,2900,28651,6.697e-02,0.000e+00,4.600e+00,1.065e+01,9.582e+00,0.000e+00,7.530e-03,1.064e+01,0.000e+00,-1.002e+01,1.000e-01,0.000e+00,1.323e+00,1.114e+01,2.354e-03,1.321e+00,0.000e+00,0.000e+00,9.216e+00,0.000e+00,0.000e+00,1.176e+01,2.543e+00,0.000e+00,1.176e+01,0.000e+00,0.000e+00,-4.662e-01,0.000e+00,0.000e+00,7.972e+00,8.438e+00,0.000e+00,7.972e+00,0.000e+00,0.000e+00,5.00
3000,3000,29651,3.544e+00,1.000e-01,4.600e+00,1.410e+01,9.260e+00,1.555e-02,4.214e-02,1.405e+01,0.000e+00,-1.975e+01,0.000e+00,0.000e+00,1.863e+00,2.162e+01,0.000e+00,1.863e+00,0.000e+00,0.000e+00,1.370e+01,0.000e+00,0.000e+00,1.543e+01,1.734e+00,0.000e+00,1.543e+01,0.000e+00,0.000e+00,1.214e+00,0.000e+00,0.000e+00,8.855e+00,7.641e+00,0.000e+00,8.855e+00,0.000e+00,0.000e+00,5.00
3100,3100,30651,7.778e+00,3.000e-01,4.300e+00,1.766e+01,8.186e+00,3.790e-01,3.500e-01,1.694e+01,0.000e+00,-2.382e+01,0.000e+00,0.000e+00,2.035e+00,2.585e+01,0.000e+00,2.035e+00,0.000e+00,0.000e+00,1.317e+01,0.000e+00,0.000e+00,1.563e+01,2.465e+00,0.000e+00,1.563e+01,0.000e+00,0.000e+00,9.724e-01,0.000e+00,1.000e-01,9.277e+00,8.105e+00,0.000e+00,9.271e+00,5.920e-03,0.000e+00,5.00
3200,3200,31651,8.874e+00,2.000e-01,4.700e+00,2.121e+01,1.104e+01,3.010e-01,8.299e-03,2.090e+01,0.000e+00,-1.377e+01,0.000e+00,0.000e+00,1.385e+01,2.762e+01,0.000e+00,1.385e+01,0.000e+00,0.000e+00,2.503e+00,0.000e+00,0.000e+00,1.206e+01,9.560e+00,0.000e+00,1.206e+01,0.000e+00,0.000e+00,1.092e+00,0.000e+00,0.000e+00,9.629e+00,8.537e+00,0.000e+00,9.629e+00,0.000e+00,0.000e+00,5.00
3300,3300,32651,-4.435e+00,2.000e-01,4.400e+00,8.260e+00,1.119e+01,1.511e-02,4.852e-03,8.240e+00,0.000e+00,6.644e+00,0.000e+00,0.000e+00,1.263e+01,5.988e+00,0.000e+00,1.263e+01,0.000e+00,0.000e+00,-1.439e+00,0.000e+00,0.000e+00,2.218e+00,3.657e+00,0.000e+00,2.218e+00,0.000e+00,0.000e+00,-2.270e+00,0.000e+00,0.000e+00,4.337e+00,6.608e+00,0.000e+00,4.337e+00,0.000e+00,0.000e+00,5.00
3400,3400,33651,-1.218e+01,3.000e-01,4.600e+00,1.055e+00,1.183e+01,9.854e-04,1.225e-04,1.054e+00,0.000e+00,-1.726e-01,0.000e+00,0.000e+00,4.125e+00,4.298e+00,0.000e+00,4.125e+00,0.000e+00,0.000e+00,6.944e+00,0.000e+00,0.000e+00,9.234e+00,2.290e+00,0.000e+00,9.234e+00,0.000e+00,0.000e+00,3.807e+00,0.000e+00,1.000e-01,4.656e+00,6.490e-01,0.000e+00,4.653e+00,2.606e-03,0.000e+00,5.00
3500,3500,34651,-3.100e+00,3.000e-01,4.600e+00,9.703e+00,1.150e+01,2.777e-03,4.645e-04,9.700e+00,0.000e+00,-4.802e+00,0.000e+00,0.000e+00,5.737e+00,1.054e+01,0.000e+00,5.737e+00,0.000e+00,0.000e+00,3.957e+00,0.000e+00,0.000e+00,9.399e+00,5.442e+00,0.000e+00,9.399e+00,0.000e+00,0.000e+00,2.645e+00,0.000e+00,0.000e+00,9.831e+00,7.186e+00,0.000e+00,9.831e+00,0.000e+00,0.000e+00,5.00
3600,3600,35651,3.935e+00,1.000e-01,4.700e+00,1.655e+01,1.152e+01,3.644e-03,8.430e-03,1.654e+01,0.000e+00,1.244e+00,0.000e+00,0.000e+00,1.211e+01,1.087e+01,0.000e+00,1.211e+01,0.000e+00,0.000e+00,-7.705e+00,0.000e+00,0.000e+00,1.027e+01,1.797e+01,0.000e+00,1.027e+01,0.000e+00,0.000e+00,1.426e+00,0.000e+00,0.000e+00,8.725e+00,7.299e+00,0.000e+00,8.725e+00,0.000e+00,0.000e+00,5.00
3700,3700,36651,2.764e+00,0.000e+00,4.700e+00,1.470e+01,1.093e+01,0.000e+00,2.105e-03,1.470e+01,0.000e+00,3.265e+00,0.000e+00,0.000e+00,1.163e+01,8.366e+00,0.000e+00,1.163e+01,0.000e+00,0.000e+00,-7.789e+00,0.000e+00,0.000e+00,9.275e+00,1.706e+01,0.000e+00,9.275e+00,0.000e+00,0.000e+00,3.588e-01,0.000e+00,2.000e-01,7.691e+00,6.932e+00,0.000e+00,7.681e+00,9.426e-03,0.000e+00,5.00
3800,3800,37651,5.069e+00,4.000e-01,4.500e+00,1.427e+01,7.700e+00,1.532e-01,7.517e-04,1.411e+01,0.000e+00,3.467e+00,0.000e+00,0.000e+00,1.297e+01,9.507e+00,0.000e+00,1.297e+01,0.000e+00,0.000e+00,-1.246e+01,0.000e+00,0.000e+00,4.034e+00,1.649e+01,0.000e+00,4.034e+00,0.000e+00,0.000e+00,2.420e+00,0.000e+00,0.000e+00,9.251e+00,6.832e+00,0.000e+00,9.251e+00,0.000e+00,0.000e+00,5.00
3900,3900,38651,1.567e+00,2.000e-01,4.600e+00,1.390e+01,1.113e+01,1.155e-03,4.669e-04,1.390e+01,0.000e+00,8.571e+00,0.000e+00,0.000e+00,1.807e+01,9.495e+00,0.000e+00,1.807e+01,0.000e+00,0.000e+00,-1.383e+01,0.000e+00,0.000e+00,1.399e+00,1.523e+01,0.000e+00,1.399e+00,0.000e+00,0.000e+00,2.494e+00,0.000e+00,0.000e+00,9.514e+00,7.021e+00,0.000e+00,9.514e+00,0.000e+00,0.000e+00,5.00
4000,4000,39651,1.011e+00,2.000e-01,4.600e+00,1.349e+01,1.118e+01,1.151e-03,2.707e-04,1.349e+01,0.000e+00,8.368e+00,0.000e+00,0.000e+00,1.728e+01,8.910e+00,0.000e+00,1.728e+01,0.000e+00,0.000e+00,-1.251e+01,0.000e+00,0.000e+00,1.519e+00,1.403e+01,0.000e+00,1.519e+00,0.000e+00,0.000e+00,1.634e+00,0.000e+00,1.000e-01,8.781e+00,6.947e+00,0.000e+00,8.776e+00,5.255e-03,0.000e+00,5.00
4100,4100,40651,-3.952e+00,2.000e-01,4.400e+00,7.816e+00,1.057e+01,1.680e-03,9.966e-04,7.813e+00,0.000e+00,-5.024e+00,0.000e+00,0.000e+00,4.002e+00,9.026e+00,0.000e+00,4.002e+00,0.000e+00,0.000e+00,5.708e+00,0.000e+00,0.000e+00,8.305e+00,2.598e+00,0.000e+00,8.305e+00,0.000e+00,0.000e+00,2.068e+00,0.000e+00,0.000e+00,8.874e+00,6.806e+00,0.000e+00,8.874e+00,0.000e+00,0.000e+00,5.00
4200,4200,41651,-5.845e+00,0.000e+00,4.800e+00,6.920e+00,1.176e+01,0.000e+00,4.594e-04,6.919e+00,0.000e+00,-6.120e+00,0.000e+00,0.000e+00,2.998e+00,9.117e+00,0.000e+00,2.998e+00,0.000e+00,0.000e+00,8.399e+00,0.000e+00,0.000e+00,9.320e+00,9.214e-01,0.000e+00,9.320e+00,0.000e+00,0.000e+00,2.566e+00,0.000e+00,0.000e+00,9.526e+00,6.959e+00,0.000e+00,9.526e+00,0.000e+00,0.000e+00,5.00
4300,4300,42651,-6.492e+00,1.000e-01,4.400e+00,7.198e+00,1.249e+01,2.287e-02,3.211e-03,7.172e+00,0.000e+00,-6.218e+00,1.000e-01,0.000e+00,3.584e+00,9.602e+00,3.346e-03,3.580e+00,0.000e+00,0.000e+00,9.204e+00,0.000e+00,0.000e+00,1.007e+01,8.625e-01,0.000e+00,1.007e+01,0.000e+00,0.000e+00,2.106e+00,0.000e+00,0.000e+00,8.807e+00,6.702e+00,0.000e+00,8.807e+00,0.000e+00,0.000e+00,5.00
4400,4400,43651,-7.468e+00,0.000e+00,4.700e+00,6.777e+00,1.324e+01,0.000e+00,6.568e-04,6.776e+00,0.000e+00,-5.198e+00,0.000e+00,0.000e+00,3.884e+00,9.082e+00,0.000e+00,3.884e+00,0.000e+00,0.000e+00,8.876e+00,0.000e+00,0.000e+00,9.893e+00,1.017e+00,0.000e+00,9.893e+00,0.000e+00,0.000e+00,2.789e+00,0.000e+00,0.000e+00,9.548e+00,6.759e+00,0.000e+00,9.548e+00,0.000e+00,0.000e+00,5.00
4500,4500,44650,2.388e+00,0.000e+00,4.900e+00,1.553e+01,1.214e+01,0.000e+00,5.645e-03,1.552e+01,0.000e+00,-2.100e+01,0.000e+00,0.000e+00,2.689e+00,2.369e+01,0.000e+00,2.689e+00,0.000e+00,0.000e+00,1.719e+01,0.000e+00,0.000e+00,1.833e+01,1.146e+00,0.000e+00,1.833e+01,0.000e+00,0.000e+00,4.281e-01,0.000e+00,0.000e+00,8.221e+00,7.793e+00,0.000e+00,8.221e+00,0.000e+00,0.000e+00,5.00
4600,4600,45650,-2.932e-02,1.000e-01,4.700e+00,1.261e+01,1.134e+01,1.984e-02,1.072e-01,1.249e+01,0.000e+00,-7.155e+00,0.000e+00,0.000e+00,2.247e+00,9.401e+00,0.000e+00,2.247e+00,0.000e+00,0.000e+00,1.220e+01,0.000e+00,0.000e+00,1.315e+01,9.418e-01,0.000e+00,1.315e+01,0.000e+00,0.000e+00,-6.320e+00,0.000e+00,0.000e+00,1.118e+00,7.438e+00,0.000e+00,1.118e+00,0.000e+00,0.000e+00,5.00
4700,4700,46650,2.477e+00,1.000e-01,4.700e+00,1.517e+01,1.140e+01,1.816e-02,2.089e-01,1.495e+01,0.000e+00,-2.234e+01,0.000e+00,0.000e+00,2.755e+00,2.510e+01,0.000e+00,2.755e+00,0.000e+00,0.000e+00,1.695e+01,0.000e+00,1.000e-01,1.806e+01,9.118e-01,0.000e+00,1.804e+01,1.430e-02,0.000e+00,1.421e+00,0.000e+00,0.000e+00,8.544e+00,7.122e+00,0.000e+00,8.544e+00,0.000e+00,0.000e+00,5.00
4800,4800,47650,-1.180e+01,2.000e-01,4.600e+00,4.814e-01,1.069e+01,2.683e-04,2.739e-04,4.809e-01,0.000e+00,1.369e+00,0.000e+00,0.000e+00,7.834e+00,6.465e+00,0.000e+00,7.834e+00,0.000e+00,0.000e+00,3.066e+00,0.000e+00,0.000e+00,3.832e+00,7.662e-01,0.000e+00,3.832e+00,0.000e+00,0.000e+00,5.769e+00,0.000e+00,0.000e+00,5.924e+00,1.552e-01,0.000e+00,5.924e+00,0.000e+00,0.000e+00,5.00
4900,4900,48650,-1.020e+01,1.000e-01,4.700e+00,3.410e-01,9.439e+00,1.395e-04,2.584e-05,3.408e-01,0.000e+00,-4.550e+00,0.000e+00,1.000e-01,4.879e+00,9.229e+00,0.000e+00,4.876e+00,2.231e-03,0.000e+00,4.453e+00,0.000e+00,1.000e-01,5.438e+00,7.850e-01,0.000e+00,5.438e+00,1.553e-04,0.000e+00,8.794e+00,0.000e+00,0.000e+00,8.909e+00,1.144e-01,0.000e+00,8.909e+00,0.000e+00,0.000e+00,5.00
5000,5000,49650,-1.073e+01,0.000e+00,4.900e+00,5.237e-01,1.025e+01,0.000e+00,1.489e-05,5.237e-01,0.000e+00,-8.491e+00,0.000e+00,0.000e+00,9.958e-01,9.486e+00,0.000e+00,9.958e-01,0.000e+00,0.000e+00,9.786e+00,0.000e+00,0.000e+00,1.065e+01,8.596e-01,0.000e+00,1.065e+01,0.000e+00,0.000e+00,8.431e+00,0.000e+00,0.000e+00,8.510e+00,7.892e-02,0.000e+00,8.510e+00,0.000e+00,0.000e+00,5.00
5100,5100,50650,-1.103e+01,1.000e-01,4.600e+00,4.875e-01,1.041e+01,2.358e-04,6.850e-05,4.872e-01,0.000e+00,-8.690e+00,0.000e+00,0.000e+00,9.421e-01,9.633e+00,0.000e+00,9.421e-01,0.000e+00,0.000e+00,1.005e+01,0.000e+00,0.000e+00,1.062e+01,5.758e-01,0.000e+00,1.062e+01,0.000e+00,0.000e+00,8.569e+00,0.000e+00,0.000e+00,8.633e+00,6.429e-02,0.000e+00,8.633e+00,0.000e+00,0.000e+00,5.00
5200,5200,51650,-6.629e+00,0.000e+00,4.700e+00,4.725e+00,1.015e+01,0.000e+00,7.650e-03,4.717e+00,0.000e+00,-1.727e+01,0.000e+00,0.000e+00,5.991e-01,1.787e+01,0.000e+00,5.991e-01,0.000e+00,0.000e+00,1.535e+01,0.000e+00,0.000e+00,1.585e+01,5.016e-01,0.000e+00,1.585e+01,0.000e+00,0.000e+00,7.350e+00,0.000e+00,0.000e+00,7.407e+00,5.690e-02,0.000e+00,7.407e+00,0.000e+00,0.000e+00,5.00
5300,5300,52650,-7.642e+00,2.000e-01,4.600e+00,2.791e+00,9.233e+00,6.325e-03,1.109e-03,2.783e+00,0.000e+00,-1.359e+01,0.000e+00,0.000e+00,5.799e-01,1.417e+01,0.000e+00,5.799e-01,0.000e+00,0.000e+00,1.179e+01,0.000e+00,2.000e-01,1.265e+01,4.596e-01,0.000e+00,1.265e+01,1.025e-03,0.000e+00,7.741e+00,0.000e+00,1.000e-01,7.907e+00,6.617e-02,0.000e+00,7.903e+00,4.027e-03,0.000e+00,5.00
5400,5400,53650,-1.472e+00,0.000e+00,4.900e+00,9.390e+00,9.862e+00,0.000e+00,1.072e-02,9.379e+00,0.000e+00,-2.632e+01,0.000e+00,0.000e+00,3.820e-01,2.670e+01,0.000e+00,3.820e-01,0.000e+00,0.000e+00,1.861e+01,0.000e+00,0.000e+00,1.925e+01,6.457e-01,0.000e+00,1.925e+01,0.000e+00,0.000e+00,7.985e+00,1.000e-01,0.000e+00,8.253e+00,6.816e-02,1.802e-02,8.235e+00,0.000e+00,0.000e+00,5.00
5500,5500,54650,-2.114e+00,1.000e-01,4.800e+00,9.541e+00,1.056e+01,2.306e-02,7.310e-03,9.511e+00,0.000e+00,-2.681e+01,0.000e+00,0.000e+00,9.323e-01,2.774e+01,0.000e+00,9.323e-01,0.000e+00,0.000e+00,1.829e+01,0.000e+00,0.000e+00,1.930e+01,1.008e+00,0.000e+00,1.930e+01,0.000e+00,0.000e+00,9.536e+00,0.000e+00,0.000e+00,9.616e+00,8.036e-02,0.000e+00,9.616e+00,0.000e+00,0.000e+00,5.00
5600,5600,55650,-3.354e+00,0.000e+00,4.800e+00,9.192e+00,1.155e+01,0.000e+00,1.773e-03,9.190e+00,0.000e+00,-2.432e+01,0.000e+00,0.000e+00,2.584e+00,2.691e+01,0.000e+00,2.584e+00,0.000e+00,0.000e+00,1.755e+01,0.000e+00,0.000e+00,1.853e+01,9.797e-01,0.000e+00,1.853e+01,0.000e+00,0.000e+00,9.123e+00,0.000e+00,0.000e+00,9.169e+00,4.646e-02,0.000e+00,9.169e+00,0.000e+00,0.000e+00,5.00
5700,5700,56650,-5.186e+00,2.000e-01,4.600e+00,8.886e+00,1.287e+01,4.739e-03,1.802e-03,8.879e+00,0.000e+00,-2.278e+01,0.000e+00,0.000e+00,3.637e+00,2.642e+01,0.000e+00,3.637e+00,0.000e+00,0.000e+00,1.702e+01,0.000e+00,0.000e+00,1.834e+01,1.321e+00,0.000e+00,1.834e+01,0.000e+00,0.000e+00,9.548e+00,0.000e+00,1.000e-01,9.785e+00,3.645e-02,0.000e+00,9.771e+00,1.364e-02,0.000e+00,5.00
5800,5800,57650,-5.937e+00,2.000e-01,4.500e+00,8.670e+00,1.331e+01,6.585e-03,2.056e-03,8.661e+00,0.000e+00,-2.014e+01,0.000e+00,0.000e+00,3.815e+00,2.395e+01,0.000e+00,3.815e+00,0.000e+00,0.000e+00,1.784e+01,0.000e+00,0.000e+00,1.832e+01,4.743e-01,0.000e+00,1.832e+01,0.000e+00,0.000e+00,6.733e+00,0.000e+00,1.000e-01,6.965e+00,3.181e-02,0.000e+00,6.963e+00,2.135e-03,0.000e+00,5.00
5900,5900,58650,-1.180e+00,1.000e-01,4.800e+00,7.101e+00,7.082e+00,1.246e-02,6.056e-05,7.089e+00,0.000e+00,-6.709e+00,0.000e+00,0.000e+00,6.827e+00,1.354e+01,0.000e+00,6.827e+00,0.000e+00,0.000e+00,5.480e+00,0.000e+00,0.000e+00,5.853e+00,3.726e-01,0.000e+00,5.853e+00,0.000e+00,0.000e+00,1.209e+00,0.000e+00,0.000e+00,1.238e+00,2.924e-02,0.000e+00,1.238e+00,0.000e+00,0.000e+00,5.00
6000,6000,59648,-2.230e+00,7.000e-01,3.400e+00,8.016e-01,1.320e-01,6.654e-04,2.559e-04,8.007e-01,0.000e+00,-2.572e+00,0.000e+00,0.000e+00,1.678e-01,2.739e+00,0.000e+00,1.678e-01,0.000e+00,0.000e+00,3.721e-01,0.000e+00,0.000e+00,6.325e-01,2.604e-01,0.000e+00,6.325e-01,0.000e+00,0.000e+00,1.530e+00,0.000e+00,0.000e+00,1.551e+00,2.105e-02,0.000e+00,1.551e+00,0.000e+00,0.000e+00,5.00
6100,6100,60648,-1.354e+00,3.000e-01,4.100e+00,7.535e-01,1.074e-01,1.056e-04,8.853e-05,7.533e-01,0.000e+00,-1.100e+01,0.000e+00,0.000e+00,1.430e-01,1.115e+01,0.000e+00,1.430e-01,0.000e+00,0.000e+00,9.176e-01,0.000e+00,0.000e+00,1.245e+00,3.276e-01,0.000e+00,1.245e+00,0.000e+00,0.000e+00,9.438e+00,0.000e+00,0.000e+00,9.459e+00,2.078e-02,0.000e+00,9.459e+00,0.000e+00,0.000e+00,5.00
6200,6200,61648,2.433e-02,2.000e-01,4.400e+00,2.032e+00,1.077e-01,2.919e-04,2.282e-04,2.032e+00,0.000e+00,-1.361e+01,0.000e+00,0.000e+00,1.916e-01,1.380e+01,0.000e+00,1.916e-01,0.000e+00,0.000e+00,2.025e+00,0.000e+00,0.000e+00,2.516e+00,4.912e-01,0.000e+00,2.516e+00,0.000e+00,0.000e+00,9.663e+00,0.000e+00,0.000e+00,9.686e+00,2.260e-02,0.000e+00,9.686e+00,0.000e+00,0.000e+00,5.00
6300,6300,62648,1.612e+00,4.000e-01,4.300e+00,3.667e+00,5.510e-02,1.995e-04,4.781e-04,3.666e+00,0.000e+00,-1.634e+01,0.000e+00,0.000e+00,8.512e-02,1.642e+01,0.000e+00,8.512e-02,0.000e+00,0.000e+00,3.691e+00,0.000e+00,0.000e+00,4.087e+00,3.963e-01,0.000e+00,4.087e+00,0.000e+00,0.000e+00,9.035e+00,0.000e+00,0.000e+00,9.059e+00,2.379e-02,0.000e+00,9.059e+00,0.000e+00,0.000e+00,5.00
6400,6400,63648,1.895e+00,3.000e-01,4.400e+00,3.356e+00,6.080e-02,3.207e-04,7.529e-05,3.355e+00,0.000e+00,-1.715e+01,0.000e+00,0.000e+00,8.398e-02,1.724e+01,0.000e+00,8.398e-02,0.000e+00,0.000e+00,4.487e+00,0.000e+00,0.000e+00,4.915e+00,4.276e-01,0.000e+00,4.915e+00,0.000e+00,0.000e+00,9.370e+00,0.000e+00,0.000e+00,9.391e+00,2.047e-02,0.000e+00,9.391e+00,0.000e+00,0.000e+00,5.00
6500,6500,64648,-1.337e+00,0.000e+00,4.700e+00,1.024e-01,3.935e-02,0.000e+00,6.006e-06,1.024e-01,0.000e+00,-1.006e+01,0.000e+00,0.000e+00,5.765e-02,1.012e+01,0.000e+00,5.765e-02,0.000e+00,0.000e+00,-6.445e-02,0.000e+00,0.000e+00,3.665e-01,4.310e-01,0.000e+00,3.665e-01,0.000e+00,0.000e+00,1.006e+01,0.000e+00,0.000e+00,1.008e+01,1.811e-02,0.000e+00,1.008e+01,0.000e+00,0.000e+00,5.00
6600,6600,65648,-2.151e+00,1.000e-01,4.100e+00,7.652e-02,2.721e-02,2.068e-06,3.913e-05,7.648e-02,0.000e+00,-9.644e+00,0.000e+00,0.000e+00,4.663e-02,9.690e+00,0.000e+00,4.663e-02,0.000e+00,0.000e+00,-1.321e-01,0.000e+00,0.000e+00,2.104e-01,3.425e-01,0.000e+00,2.104e-01,0.000e+00,0.000e+00,9.726e+00,0.000e+00,0.000e+00,9.739e+00,1.221e-02,0.000e+00,9.739e+00,0.000e+00,0.000e+00,5.00
6700,6700,66648,-1.305e+00,1.000e-01,4.600e+00,2.151e-01,2.033e-02,7.935e-06,4.257e-05,2.151e-01,0.000e+00,-1.039e+01,0.000e+00,0.000e+00,5.269e-02,1.044e+01,0.000e+00,5.269e-02,0.000e+00,0.000e+00,3.072e-01,0.000e+00,0.000e+00,7.604e-01,4.531e-01,0.000e+00,7.604e-01,0.000e+00,0.000e+00,9.888e+00,0.000e+00,0.000e+00,9.903e+00,1.535e-02,0.000e+00,9.903e+00,0.000e+00,0.000e+00,5.00
6800,6800,67644,-1.159e+00,4.000e-01,4.200e+00,9.611e-01,1.988e-02,3.641e-04,4.017e-05,9.607e-01,0.000e+00,-1.136e+01,0.000e+00,0.000e+00,6.897e-02,1.143e+01,0.000e+00,6.897e-02,0.000e+00,0.000e+00,1.701e+00,0.000e+00,0.000e+00,2.012e+00,3.118e-01,0.000e+00,2.012e+00,0.000e+00,0.000e+00,8.519e+00,1.000e-01,0.000e+00,8.735e+00,1.502e-02,5.243e-04,8.734e+00,0.000e+00,0.000e+00,5.00
6900,6900,68644,3.197e-01,2.000e-01,4.300e+00,2.539e+00,1.932e-02,3.391e-04,1.889e-03,2.537e+00,0.000e+00,-1.632e+01,0.000e+00,0.000e+00,1.802e-01,1.650e+01,0.000e+00,1.802e-01,0.000e+00,0.000e+00,4.635e+00,0.000e+00,0.000e+00,5.114e+00,4.793e-01,0.000e+00,5.114e+00,0.000e+00,0.000e+00,9.164e+00,0.000e+00,0.000e+00,9.181e+00,1.653e-02,0.000e+00,9.181e+00,0.000e+00,0.000e+00,5.00
7000,7000,69644,1.604e+01,0.000e+00,5.000e+00,1.706e+01,1.799e-02,0.000e+00,0.000e+00,1.706e+01,0.000e+00,-2.241e+01,0.000e+00,0.000e+00,4.934e+00,2.735e+01,0.000e+00,4.934e+00,0.000e+00,0.000e+00,-2.784e+00,0.000e+00,0.000e+00,9.936e+00,1.272e+01,0.000e+00,9.936e+00,0.000e+00,0.000e+00,8.158e+00,0.000e+00,0.000e+00,8.185e+00,2.722e-02,0.000e+00,8.185e+00,0.000e+00,0.000e+00,5.00
7100,7100,70644,1.140e+01,0.000e+00,4.500e+00,1.282e+01,1.612e-02,0.000e+00,6.926e-03,1.281e+01,0.000e+00,-2.311e+01,0.000e+00,0.000e+00,1.621e+00,2.473e+01,0.000e+00,1.621e+00,0.000e+00,0.000e+00,2.155e+00,0.000e+00,0.000e+00,8.776e+00,6.621e+00,0.000e+00,8.776e+00,0.000e+00,0.000e+00,8.153e+00,0.000e+00,0.000e+00,8.180e+00,2.665e-02,0.000e+00,8.180e+00,0.000e+00,0.000e+00,5.00
7200,7200,71644,9.420e+00,0.000e+00,4.900e+00,1.064e+01,1.535e-02,0.000e+00,8.933e-03,1.063e+01,0.000e+00,-2.690e+01,0.000e+00,0.000e+00,2.299e-01,2.713e+01,0.000e+00,2.299e-01,0.000e+00,0.000e+00,8.028e+00,0.000e+00,0.000e+00,9.777e+00,1.749e+00,0.000e+00,9.777e+00,0.000e+00,0.000e+00,8.249e+00,0.000e+00,0.000e+00,8.281e+00,3.229e-02,0.000e+00,8.281e+00,0.000e+00,0.000e+00,5.00
7300,7300,72644,5.828e+00,1.000e-01,4.500e+00,7.644e+00,1.574e-02,2.626e-02,1.793e-03,7.616e+00,0.000e+00,-2.518e+01,0.000e+00,0.000e+00,7.885e-02,2.526e+01,0.000e+00,7.885e-02,0.000e+00,0.000e+00,8.493e+00,0.000e+00,0.000e+00,8.839e+00,3.458e-01,0.000e+00,8.839e+00,0.000e+00,0.000e+00,9.064e+00,0.000e+00,0.000e+00,9.086e+00,2.217e-02,0.000e+00,9.086e+00,0.000e+00,0.000e+00,5.00
7400,7400,73640,7.713e+00,1.000e-01,4.800e+00,8.929e+00,1.544e-02,3.724e-02,1.157e-05,8.891e+00,0.000e+00,-2.731e+01,0.000e+00,0.000e+00,8.878e-02,2.740e+01,0.000e+00,8.878e-02,0.000e+00,0.000e+00,9.320e+00,0.000e+00,0.000e+00,9.661e+00,3.408e-01,0.000e+00,9.661e+00,0.000e+00,0.000e+00,9.076e+00,0.000e+00,0.000e+00,9.100e+00,2.373e-02,0.000e+00,9.100e+00,0.000e+00,0.000e+00,5.00
7500,7500,74640,8.682e+00,0.000e+00,4.900e+00,9.796e+00,1.371e-02,0.000e+00,3.492e-02,9.761e+00,0.000e+00,-2.815e+01,0.000e+00,0.000e+00,1.585e-01,2.831e+01,0.000e+00,1.585e-01,0.000e+00,0.000e+00,9.439e+00,0.000e+00,0.000e+00,9.981e+00,5.423e-01,0.000e+00,9.981e+00,0.000e+00,0.000e+00,8.933e+00,0.000e+00,0.000e+00,8.965e+00,3.210e-02,0.000e+00,8.965e+00,0.000e+00,0.000e+00,5.00
7600,7600,75640,1.423e+01,1.000e-01,4.700e+00,1.584e+01,1.312e-02,1.780e-01,2.191e-01,1.544e+01,0.000e+00,-1.979e+01,0.000e+00,0.000e+00,7.854e+00,2.764e+01,0.000e+00,7.854e+00,0.000e+00,0.000e+00,-4.266e+00,0.000e+00,0.000e+00,9.937e+00,1.420e+01,0.000e+00,9.937e+00,0.000e+00,0.000e+00,8.229e+00,0.000e+00,0.000e+00,8.268e+00,3.882e-02,0.000e+00,8.268e+00,0.000e+00,0.000e+00,5.00
7700,7700,76640,1.623e+01,0.000e+00,4.900e+00,1.744e+01,1.121e-02,0.000e+00,3.137e-01,1.713e+01,0.000e+00,-2.175e+01,0.000e+00,0.000e+00,6.315e+00,2.806e+01,0.000e+00,6.315e+00,0.000e+00,0.000e+00,-4.331e+00,0.000e+00,0.000e+00,9.940e+00,1.427e+01,0.000e+00,9.940e+00,0.000e+00,0.000e+00,8.651e+00,0.000e+00,0.000e+00,8.706e+00,5.466e-02,0.000e+00,8.706e+00,0.000e+00,0.000e+00,5.00
7800,7800,77640,1.663e+01,0.000e+00,4.800e+00,1.784e+01,1.157e-02,0.000e+00,1.618e-01,1.768e+01,0.000e+00,-1.789e+01,0.000e+00,0.000e+00,9.676e+00,2.756e+01,0.000e+00,9.676e+00,0.000e+00,0.000e+00,-9.122e+00,0.000e+00,0.000e+00,9.508e+00,1.863e+01,0.000e+00,9.508e+00,0.000e+00,0.000e+00,9.182e+00,0.000e+00,0.000e+00,9.209e+00,2.646e-02,0.000e+00,9.209e+00,0.000e+00,0.000e+00,5.00
7900,7900,78640,6.531e+00,1.000e-01,4.800e+00,7.843e+00,1.168e-02,1.663e-01,1.125e-02,7.665e+00,0.000e+00,-8.389e-01,1.000e-01,0.000e+00,9.710e+00,1.035e+01,2.258e-03,9.708e+00,0.000e+00,0.000e+00,-1.697e+01,0.000e+00,0.000e+00,4.552e-01,1.742e+01,0.000e+00,4.552e-01,0.000e+00,0.000e+00,9.774e+00,0.000e+00,0.000e+00,9.791e+00,1.716e-02,0.000e+00,9.791e+00,0.000e+00,0.000e+00,5.00
8000,8000,79640,5.138e+00,2.000e-01,4.500e+00,6.750e+00,1.133e-02,6.510e-06,4.336e-02,6.706e+00,0.000e+00,-4.850e-01,0.000e+00,0.000e+00,9.454e+00,9.939e+00,0.000e+00,9.454e+00,0.000e+00,0.000e+00,-1.614e+01,1.000e-01,0.000e+00,2.172e-01,1.615e+01,2.614e-07,2.172e-01,0.000e+00,0.000e+00,9.683e+00,0.000e+00,0.000e+00,9.698e+00,1.447e-02,0.000e+00,9.698e+00,0.000e+00,0.000e+00,5.00
8100,8100,80640,7.177e+00,0.000e+00,5.000e+00,8.188e+00,1.039e-02,0.000e+00,0.000e+00,8.188e+00,0.000e+00,3.779e-01,0.000e+00,0.000e+00,9.779e+00,9.401e+00,0.000e+00,9.779e+00,0.000e+00,0.000e+00,-1.745e+01,0.000e+00,0.000e+00,2.962e-01,1.775e+01,0.000e+00,2.962e-01,0.000e+00,0.000e+00,8.895e+00,0.000e+00,0.000e+00,8.928e+00,3.230e-02,0.000e+00,8.928e+00,0.000e+00,0.000e+00,5.00
8200,8200,81640,8.995e+00,0.000e+00,4.900e+00,1.010e+01,8.343e-03,0.000e+00,1.829e-03,1.010e+01,0.000e+00,-9.424e+00,0.000e+00,0.000e+00,1.051e-01,9.529e+00,0.000e+00,1.051e-01,0.000e+00,0.000e+00,-6.524e+00,0.000e+00,0.000e+00,1.763e+00,8.288e+00,0.000e+00,1.763e+00,0.000e+00,0.000e+00,5.854e+00,0.000e+00,0.000e+00,5.901e+00,4.729e-02,0.000e+00,5.901e+00,0.000e+00,0.000e+00,5.00
8300,8300,82640,1.061e+01,0.000e+00,4.800e+00,1.192e+01,7.619e-03,0.000e+00,5.784e-04,1.192e+01,0.000e+00,-1.985e+01,0.000e+00,0.000e+00,1.865e-01,2.004e+01,0.000e+00,1.865e-01,0.000e+00,0.000e+00,-1.334e+00,0.000e+00,0.000e+00,6.312e+00,7.646e+00,0.000e+00,6.312e+00,0.000e+00,0.000e+00,9.274e+00,0.000e+00,0.000e+00,9.291e+00,1.680e-02,0.000e+00,9.291e+00,0.000e+00,0.000e+00,5.00
8400,8400,83640,1.567e+01,0.000e+00,5.000e+00,1.667e+01,6.620e-03,0.000e+00,0.000e+00,1.667e+01,0.000e+00,-2.713e+01,0.000e+00,0.000e+00,1.534e-01,2.729e+01,0.000e+00,1.534e-01,0.000e+00,0.000e+00,1.023e+00,0.000e+00,0.000e+00,9.184e+00,8.161e+00,0.000e+00,9.184e+00,0.000e+00,0.000e+00,9.443e+00,0.000e+00,0.000e+00,9.460e+00,1.637e-02,0.000e+00,9.460e+00,0.000e+00,0.000e+00,5.00
8500,8500,84640,1.603e+01,0.000e+00,4.900e+00,1.713e+01,6.307e-03,0.000e+00,2.658e-02,1.711e+01,0.000e+00,-2.775e+01,0.000e+00,0.000e+00,2.286e-01,2.798e+01,0.000e+00,2.286e-01,0.000e+00,0.000e+00,1.525e+00,0.000e+00,0.000e+00,9.619e+00,8.095e+00,0.000e+00,9.619e+00,0.000e+00,0.000e+00,9.098e+00,0.000e+00,0.000e+00,9.112e+00,1.389e-02,0.000e+00,9.112e+00,0.000e+00,0.000e+00,5.00
8600,8600,85640,1.609e+01,0.000e+00,5.000e+00,1.710e+01,5.873e-03,0.000e+00,0.000e+00,1.710e+01,0.000e+00,-2.048e+01,0.000e+00,0.000e+00,1.859e-01,2.067e+01,0.000e+00,1.859e-01,0.000e+00,0.000e+00,1.699e+00,0.000e+00,0.000e+00,9.767e+00,8.068e+00,0.000e+00,9.767e+00,0.000e+00,0.000e+00,1.689e+00,0.000e+00,0.000e+00,1.701e+00,1.197e-02,0.000e+00,1.701e+00,0.000e+00,0.000e+00,5.00
8700,8700,86640,1.610e+01,0.000e+00,5.000e+00,1.710e+01,5.711e-03,0.000e+00,0.000e+00,1.710e+01,0.000e+00,-1.999e+01,0.000e+00,0.000e+00,3.761e-01,2.037e+01,0.000e+00,3.761e-01,0.000e+00,0.000e+00,1.515e+00,0.000e+00,0.000e+00,9.824e+00,8.309e+00,0.000e+00,9.824e+00,0.000e+00,0.000e+00,1.381e+00,0.000e+00,0.000e+00,1.391e+00,1.020e-02,0.000e+00,1.391e+00,0.000e+00,0.000e+00,5.00
8800,8800,87640,1.402e+01,0.000e+00,4.800e+00,1.523e+01,4.991e-03,0.000e+00,2.391e-04,1.523e+01,0.000e+00,-1.849e+01,0.000e+00,0.000e+00,2.138e-01,1.870e+01,0.000e+00,2.138e-01,0.000e+00,0.000e+00,4.801e-01,0.000e+00,0.000e+00,8.061e+00,7.580e+00,0.000e+00,8.061e+00,0.000e+00,0.000e+00,2.786e+00,0.000e+00,0.000e+00,2.794e+00,8.177e-03,0.000e+00,2.794e+00,0.000e+00,0.000e+00,5.00
8900,8900,88640,1.280e+01,0.000e+00,5.000e+00,1.381e+01,4.825e-03,0.000e+00,0.000e+00,1.381e+01,0.000e+00,-2.235e+01,0.000e+00,1.000e-01,2.251e-01,2.237e+01,0.000e+00,2.251e-01,1.635e-06,0.000e+00,1.109e+00,0.000e+00,0.000e+00,9.201e+00,8.093e+00,0.000e+00,9.201e+00,0.000e+00,0.000e+00,7.234e+00,0.000e+00,0.000e+00,7.241e+00,6.591e-03,0.000e+00,7.241e+00,0.000e+00,0.000e+00,5.00
9000,9000,89640,1.540e+01,0.000e+00,4.900e+00,1.640e+01,4.801e-03,0.000e+00,1.302e-06,1.640e+01,0.000e+00,-2.661e+01,0.000e+00,0.000e+00,3.116e-01,2.692e+01,0.000e+00,3.116e-01,0.000e+00,0.000e+00,1.261e+00,0.000e+00,0.000e+00,9.251e+00,7.989e+00,0.000e+00,9.251e+00,0.000e+00,0.000e+00,8.951e+00,0.000e+00,0.000e+00,8.957e+00,5.864e-03,0.000e+00,8.957e+00,0.000e+00,0.000e+00,5.00
9100,9100,90640,1.548e+01,0.000e+00,4.900e+00,1.648e+01,4.713e-03,0.000e+00,1.760e-06,1.648e+01,0.000e+00,-2.724e+01,0.000e+00,0.000e+00,4.334e-01,2.768e+01,0.000e+00,4.334e-01,0.000e+00,0.000e+00,1.422e+00,0.000e+00,0.000e+00,9.491e+00,8.069e+00,0.000e+00,9.491e+00,0.000e+00,0.000e+00,9.344e+00,0.000e+00,0.000e+00,9.349e+00,5.301e-03,0.000e+00,9.349e+00,0.000e+00,0.000e+00,5.00
9200,9200,91640,9.250e+00,0.000e+00,5.000e+00,1.025e+01,4.566e-03,0.000e+00,0.000e+00,1.025e+01,0.000e+00,-1.922e+01,0.000e+00,0.000e+00,9.415e-01,2.016e+01,0.000e+00,9.415e-01,0.000e+00,0.000e+00,-9.043e-01,0.000e+00,0.000e+00,7.851e+00,8.755e+00,0.000e+00,7.851e+00,0.000e+00,0.000e+00,9.871e+00,0.000e+00,0.000e+00,9.876e+00,5.118e-03,0.000e+00,9.876e+00,0.000e+00,0.000e+00,5.00
9300,9300,92640,1.521e+01,1.000e-01,4.900e+00,1.632e+01,4.905e-03,1.522e-06,0.000e+00,1.632e+01,0.000e+00,-1.731e+01,0.000e+00,0.000e+00,7.830e+00,2.514e+01,0.000e+00,7.830e+00,0.000e+00,0.000e+00,-6.471e+00,0.000e+00,0.000e+00,8.996e+00,1.547e+01,0.000e+00,8.996e+00,0.000e+00,0.000e+00,7.472e+00,0.000e+00,0.000e+00,7.477e+00,4.908e-03,0.000e+00,7.477e+00,0.000e+00,0.000e+00,5.00
9400,9400,93640,1.649e+01,0.000e+00,5.000e+00,1.750e+01,3.519e-03,0.000e+00,0.000e+00,1.750e+01,0.000e+00,-2.846e+01,0.000e+00,0.000e+00,7.879e-01,2.924e+01,0.000e+00,7.879e-01,0.000e+00,0.000e+00,1.152e+00,0.000e+00,0.000e+00,9.968e+00,8.816e+00,0.000e+00,9.968e+00,0.000e+00,0.000e+00,9.812e+00,0.000e+00,0.000e+00,9.817e+00,4.464e-03,0.000e+00,9.817e+00,0.000e+00,0.000e+00,5.00
9500,9500,94640,1.137e+01,1.000e-01,4.800e+00,1.267e+01,3.119e-03,4.410e-03,7.349e-03,1.266e+01,0.000e+00,-2.131e+01,0.000e+00,0.000e+00,3.795e-01,2.169e+01,0.000e+00,3.795e-01,0.000e+00,0.000e+00,-1.304e+00,0.000e+00,0.000e+00,6.504e+00,7.808e+00,0.000e+00,6.504e+00,0.000e+00,0.000e+00,9.951e+00,0.000e+00,0.000e+00,9.955e+00,3.895e-03,0.000e+00,9.955e+00,0.000e+00,0.000e+00,5.00
9600,9600,95640,1.698e+01,0.000e+00,5.000e+00,1.799e+01,2.841e-03,0.000e+00,0.000e+00,1.799e+01,0.000e+00,-2.341e+01,0.000e+00,0.000e+00,6.309e+00,2.972e+01,0.000e+00,6.309e+00,0.000e+00,0.000e+00,-4.341e+00,0.000e+00,0.000e+00,9.991e+00,1.433e+01,0.000e+00,9.991e+00,0.000e+00,0.000e+00,9.768e+00,0.000e+00,0.000e+00,9.771e+00,3.751e-03,0.000e+00,9.771e+00,0.000e+00,0.000e+00,5.00
9700,9700,96640,1.645e+01,1.000e-01,4.900e+00,1.765e+01,2.770e-03,2.022e-01,0.000e+00,1.745e+01,0.000e+00,-2.026e+01,0.000e+00,0.000e+00,8.344e+00,2.861e+01,0.000e+00,8.344e+00,0.000e+00,0.000e+00,-6.896e+00,0.000e+00,0.000e+00,9.530e+00,1.643e+01,0.000e+00,9.530e+00,0.000e+00,0.000e+00,9.507e+00,0.000e+00,0.000e+00,9.511e+00,3.739e-03,0.000e+00,9.511e+00,0.000e+00,0.000e+00,5.00
9800,9800,97640,8.558e+00,0.000e+00,4.900e+00,9.761e+00,2.682e-03,0.000e+00,1.492e-04,9.760e+00,0.000e+00,-3.460e+00,0.000e+00,0.000e+00,9.978e+00,1.344e+01,0.000e+00,9.978e+00,0.000e+00,0.000e+00,-1.577e+01,0.000e+00,0.000e+00,1.442e+00,1.722e+01,0.000e+00,1.442e+00,0.000e+00,0.000e+00,9.277e+00,0.000e+00,1.000e-01,9.480e+00,3.568e-03,0.000e+00,9.480e+00,4.937e-04,0.000e+00,5.00
9900,9900,98640,1.701e+01,0.000e+00,5.000e+00,1.801e+01,2.355e-03,0.000e+00,0.000e+00,1.801e+01,0.000e+00,-2.058e+01,0.000e+00,0.000e+00,9.058e+00,2.963e+01,0.000e+00,9.058e+00,0.000e+00,0.000e+00,-7.182e+00,0.000e+00,0.000e+00,9.925e+00,1.711e+01,0.000e+00,9.925e+00,0.000e+00,0.000e+00,9.752e+00,0.000e+00,0.000e+00,9.755e+00,3.586e-03,0.000e+00,9.755e+00,0.000e+00,0.000e+00,5.00
10000,10000,99640,1.689e+01,0.000e+00,5.000e+00,1.789e+01,2.199e-03,0.000e+00,0.000e+00,1.789e+01,0.000e+00,-2.604e+01,0.000e+00,0.000e+00,1.368e+00,2.740e+01,0.000e+00,1.368e+00,0.000e+00,0.000e+00,3.798e-01,0.000e+00,0.000e+00,9.730e+00,9.350e+00,0.000e+00,9.730e+00,0.000e+00,0.000e+00,7.763e+00,0.000e+00,0.000e+00,7.767e+00,3.175e-03,0.000e+00,7.767e+00,0.000e+00,0.000e+00,5.00
10100,10100,100640,1.626e+01,0.000e+00,4.800e+00,1.747e+01,2.157e-03,0.000e+00,3.544e-01,1.711e+01,0.000e+00,-1.903e+01,0.000e+00,0.000e+00,9.799e+00,2.882e+01,0.000e+00,9.799e+00,0.000e+00,0.000e+00,-8.083e+00,0.000e+00,0.000e+00,9.422e+00,1.750e+01,0.000e+00,9.422e+00,0.000e+00,0.000e+00,9.644e+00,0.000e+00,0.000e+00,9.647e+00,2.840e-03,0.000e+00,9.647e+00,0.000e+00,0.000e+00,5.00
10200,10200,101640,1.614e+01,0.000e+00,4.900e+00,1.724e+01,2.104e-03,0.000e+00,8.700e-04,1.724e+01,0.000e+00,-1.828e+01,0.000e+00,0.000e+00,9.952e+00,2.823e+01,0.000e+00,9.952e+00,0.000e+00,0.000e+00,-8.627e+00,0.000e+00,0.000e+00,8.896e+00,1.752e+01,0.000e+00,8.896e+00,0.000e+00,0.000e+00,9.668e+00,0.000e+00,0.000e+00,9.670e+00,2.606e-03,0.000e+00,9.670e+00,0.000e+00,0.000e+00,5.00
10300,10300,102640,6.977e+00,0.000e+00,5.000e+00,7.979e+00,1.982e-03,0.000e+00,0.000e+00,7.979e+00,0.000e+00,-2.237e+00,0.000e+00,0.000e+00,9.980e+00,1.222e+01,0.000e+00,9.980e+00,0.000e+00,0.000e+00,-1.576e+01,0.000e+00,0.000e+00,4.636e-01,1.622e+01,0.000e+00,4.636e-01,0.000e+00,0.000e+00,1.002e+01,0.000e+00,0.000e+00,1.002e+01,2.215e-03,0.000e+00,1.002e+01,0.000e+00,0.000e+00,5.00
10400,10400,103640,1.694e+01,0.000e+00,5.000e+00,1.794e+01,1.802e-03,0.000e+00,0.000e+00,1.794e+01,0.000e+00,-1.974e+01,0.000e+00,0.000e+00,9.853e+00,2.960e+01,0.000e+00,9.853e+00,0.000e+00,0.000e+00,-7.979e+00,0.000e+00,0.000e+00,9.866e+00,1.785e+01,0.000e+00,9.866e+00,0.000e+00,0.000e+00,9.784e+00,0.000e+00,0.000e+00,9.786e+00,2.227e-03,0.000e+00,9.786e+00,0.000e+00,0.000e+00,5.00
10500,10500,104640,1.435e+01,1.000e-01,4.800e+00,1.545e+01,1.542e-03,8.213e-07,5.619e-07,1.545e+01,0.000e+00,-2.548e+01,0.000e+00,0.000e+00,1.207e-01,2.560e+01,0.000e+00,1.207e-01,0.000e+00,0.000e+00,-3.529e-02,0.000e+00,0.000e+00,7.911e+00,7.947e+00,0.000e+00,7.911e+00,0.000e+00,0.000e+00,1.006e+01,0.000e+00,0.000e+00,1.007e+01,2.068e-03,0.000e+00,1.007e+01,0.000e+00,0.000e+00,5.00
10600,10600,105640,1.688e+01,0.000e+00,5.000e+00,1.788e+01,1.355e-03,0.000e+00,0.000e+00,1.788e+01,0.000e+00,-2.812e+01,0.000e+00,0.000e+00,4.998e-01,2.862e+01,0.000e+00,4.998e-01,0.000e+00,0.000e+00,6.312e-01,0.000e+00,0.000e+00,9.159e+00,8.528e+00,0.000e+00,9.159e+00,0.000e+00,0.000e+00,9.611e+00,0.000e+00,0.000e+00,9.613e+00,1.879e-03,0.000e+00,9.613e+00,0.000e+00,0.000e+00,5.00
10700,10700,106640,1.662e+01,1.000e-01,4.900e+00,1.772e+01,1.314e-03,1.975e-01,0.000e+00,1.752e+01,0.000e+00,-2.730e+01,0.000e+00,0.000e+00,1.809e+00,2.911e+01,0.000e+00,1.809e+00,0.000e+00,0.000e+00,1.703e-03,0.000e+00,0.000e+00,9.593e+00,9.591e+00,0.000e+00,9.593e+00,0.000e+00,0.000e+00,9.578e+00,0.000e+00,0.000e+00,9.580e+00,1.779e-03,0.000e+00,9.580e+00,0.000e+00,0.000e+00,5.00
10800,10800,107640,1.686e+01,0.000e+00,5.000e+00,1.786e+01,1.283e-03,0.000e+00,0.000e+00,1.786e+01,0.000e+00,-2.536e+01,0.000e+00,0.000e+00,3.290e+00,2.865e+01,0.000e+00,3.290e+00,0.000e+00,0.000e+00,-1.588e+00,0.000e+00,0.000e+00,9.621e+00,1.121e+01,0.000e+00,9.621e+00,0.000e+00,0.000e+00,9.085e+00,0.000e+00,0.000e+00,9.087e+00,1.718e-03,0.000e+00,9.087e+00,0.000e+00,0.000e+00,5.00
10900,10900,108640,9.781e+00,0.000e+00,5.000e+00,1.078e+01,1.241e-03,0.000e+00,0.000e+00,1.078e+01,0.000e+00,-1.682e+01,0.000e+00,0.000e+00,9.994e+00,2.681e+01,0.000e+00,9.994e+00,0.000e+00,0.000e+00,-3.765e+00,0.000e+00,0.000e+00,7.104e+00,1.087e+01,0.000e+00,7.104e+00,0.000e+00,0.000e+00,9.799e+00,0.000e+00,0.000e+00,9.801e+00,1.395e-03,0.000e+00,9.801e+00,0.000e+00,0.000e+00,5.00
11000,11000,109639,1.668e+01,0.000e+00,5.000e+00,1.768e+01,1.261e-03,0.000e+00,0.000e+00,1.768e+01,0.000e+00,-1.156e+01,0.000e+00,0.000e+00,9.999e+00,2.156e+01,0.000e+00,9.999e+00,0.000e+00,0.000e+00,-8.035e+00,0.000e+00,0.000e+00,9.649e+00,1.768e+01,0.000e+00,9.649e+00,0.000e+00,0.000e+00,1.917e+00,0.000e+00,0.000e+00,1.918e+00,1.435e-03,0.000e+00,1.918e+00,0.000e+00,0.000e+00,5.00
11100,11100,110639,1.696e+01,0.000e+00,5.000e+00,1.796e+01,1.181e-03,0.000e+00,0.000e+00,1.796e+01,0.000e+00,-1.883e+01,0.000e+00,0.000e+00,2.582e+00,2.141e+01,0.000e+00,2.582e+00,0.000e+00,0.000e+00,-8.317e-01,0.000e+00,0.000e+00,9.744e+00,1.058e+01,0.000e+00,9.744e+00,0.000e+00,0.000e+00,1.696e+00,0.000e+00,0.000e+00,1.697e+00,1.343e-03,0.000e+00,1.697e+00,0.000e+00,0.000e+00,5.00
11200,11200,111639,1.698e+01,0.000e+00,5.000e+00,1.799e+01,1.105e-03,0.000e+00,0.000e+00,1.799e+01,0.000e+00,-1.775e+01,0.000e+00,0.000e+00,1.652e+00,1.941e+01,0.000e+00,1.652e+00,0.000e+00,0.000e+00,-2.101e+00,0.000e+00,0.000e+00,7.588e+00,9.690e+00,0.000e+00,7.588e+00,0.000e+00,0.000e+00,1.872e+00,0.000e+00,0.000e+00,1.873e+00,1.259e-03,0.000e+00,1.873e+00,0.000e+00,0.000e+00,5.00
11300,11300,112639,6.942e+00,0.000e+00,5.000e+00,7.943e+00,1.034e-03,0.000e+00,0.000e+00,7.943e+00,0.000e+00,-6.324e+00,0.000e+00,0.000e+00,3.627e+00,9.951e+00,0.000e+00,3.627e+00,0.000e+00,0.000e+00,-1.158e+01,0.000e+00,0.000e+00,1.917e-03,1.158e+01,0.000e+00,1.917e-03,0.000e+00,0.000e+00,9.958e+00,0.000e+00,0.000e+00,9.959e+00,1.081e-03,0.000e+00,9.959e+00,0.000e+00,0.000e+00,5.00
11400,11400,113639,6.716e+00,0.000e+00,4.900e+00,7.717e+00,9.937e-04,0.000e+00,0.000e+00,7.717e+00,0.000e+00,-5.663e+00,0.000e+00,0.000e+00,4.244e+00,9.907e+00,0.000e+00,4.244e+00,0.000e+00,0.000e+00,-1.196e+01,0.000e+00,0.000e+00,2.009e-03,1.196e+01,0.000e+00,2.009e-03,0.000e+00,0.000e+00,9.906e+00,0.000e+00,0.000e+00,9.907e+00,1.001e-03,0.000e+00,9.907e+00,0.000e+00,0.000e+00,5.00
11500,11500,114639,5.401e+00,1.000e-01,4.800e+00,6.503e+00,1.111e-03,0.000e+00,0.000e+00,6.503e+00,0.000e+00,8.017e-01,0.000e+00,0.000e+00,9.809e+00,9.007e+00,0.000e+00,9.809e+00,0.000e+00,0.000e+00,-1.610e+01,0.000e+00,0.000e+00,1.696e-02,1.612e+01,0.000e+00,1.696e-02,0.000e+00,0.000e+00,8.397e+00,2.000e-01,0.000e+00,8.798e+00,9.199e-04,1.154e-03,8.797e+00,0.000e+00,0.000e+00,5.00
11600,11600,115639,6.225e+00,0.000e+00,5.000e+00,7.226e+00,9.368e-04,0.000e+00,0.000e+00,7.226e+00,0.000e+00,1.448e-01,0.000e+00,0.000e+00,9.995e+00,9.850e+00,0.000e+00,9.995e+00,0.000e+00,0.000e+00,-1.717e+01,0.000e+00,0.000e+00,3.389e-03,1.718e+01,0.000e+00,3.389e-03,0.000e+00,0.000e+00,9.805e+00,0.000e+00,0.000e+00,9.806e+00,8.691e-04,0.000e+00,9.806e+00,0.000e+00,0.000e+00,5.00
11700,11700,116639,4.179e+00,1.000e-01,4.900e+00,5.380e+00,8.226e-04,7.187e-05,0.000e+00,5.380e+00,0.000e+00,1.736e-01,0.000e+00,0.000e+00,9.999e+00,9.825e+00,0.000e+00,9.999e+00,0.000e+00,0.000e+00,-1.529e+01,0.000e+00,0.000e+00,5.118e-03,1.529e+01,0.000e+00,5.118e-03,0.000e+00,0.000e+00,9.735e+00,0.000e+00,0.000e+00,9.736e+00,7.991e-04,0.000e+00,9.736e+00,0.000e+00,0.000e+00,5.00
11800,11800,117639,7.626e+00,0.000e+00,5.000e+00,8.627e+00,7.344e-04,0.000e+00,0.000e+00,8.627e+00,0.000e+00,-4.783e-01,0.000e+00,0.000e+00,9.963e+00,1.044e+01,0.000e+00,9.963e+00,0.000e+00,0.000e+00,-1.791e+01,0.000e+00,0.000e+00,2.261e-02,1.793e+01,0.000e+00,2.261e-02,0.000e+00,0.000e+00,9.758e+00,0.000e+00,0.000e+00,9.759e+00,7.681e-04,0.000e+00,9.759e+00,0.000e+00,0.000e+00,5.00
11900,11900,118639,5.149e+00,0.000e+00,4.900e+00,6.350e+00,6.851e-04,0.000e+00,9.466e-06,6.350e+00,0.000e+00,1.429e-02,0.000e+00,0.000e+00,9.990e+00,9.975e+00,0.000e+00,9.990e+00,0.000e+00,0.000e+00,-1.635e+01,0.000e+00,0.000e+00,3.644e-04,1.635e+01,0.000e+00,3.644e-04,0.000e+00,0.000e+00,9.990e+00,0.000e+00,0.000e+00,9.991e+00,6.553e-04,0.000e+00,9.991e+00,0.000e+00,0.000e+00,5.00
12000,12000,119639,6.835e+00,0.000e+00,5.000e+00,7.836e+00,6.624e-04,0.000e+00,0.000e+00,7.836e+00,0.000e+00,9.146e-03,0.000e+00,0.000e+00,9.971e+00,9.962e+00,0.000e+00,9.971e+00,0.000e+00,0.000e+00,-1.781e+01,0.000e+00,0.000e+00,6.379e-04,1.781e+01,0.000e+00,6.379e-04,0.000e+00,0.000e+00,9.965e+00,0.000e+00,0.000e+00,9.965e+00,6.682e-04,0.000e+00,9.965e+00,0.000e+00,0.000e+00,5.00
12100,12100,120639,6.887e+00,0.000e+00,5.000e+00,7.888e+00,6.007e-04,0.000e+00,0.000e+00,7.888e+00,0.000e+00,4.056e-02,0.000e+00,0.000e+00,9.931e+00,9.890e+00,0.000e+00,9.931e+00,0.000e+00,0.000e+00,-1.782e+01,0.000e+00,0.000e+00,1.181e-03,1.782e+01,0.000e+00,1.181e-03,0.000e+00,0.000e+00,9.890e+00,0.000e+00,0.000e+00,9.891e+00,6.228e-04,0.000e+00,9.891e+00,0.000e+00,0.000e+00,5.00
12200,12200,121639,5.680e+00,1.000e-01,4.900e+00,6.781e+00,6.125e-04,0.000e+00,0.000e+00,6.781e+00,0.000e+00,7.052e-02,0.000e+00,0.000e+00,9.957e+00,9.887e+00,0.000e+00,9.957e+00,0.000e+00,0.000e+00,-1.674e+01,0.000e+00,0.000e+00,8.505e-04,1.674e+01,0.000e+00,8.505e-04,0.000e+00,0.000e+00,9.887e+00,0.000e+00,0.000e+00,9.887e+00,5.785e-04,0.000e+00,9.887e+00,0.000e+00,0.000e+00,5.00
12300,12300,122639,6.957e+00,0.000e+00,5.000e+00,7.957e+00,5.150e-04,0.000e+00,0.000e+00,7.957e+00,0.000e+00,-9.812e+00,0.000e+00,0.000e+00,9.782e-02,9.910e+00,0.000e+00,9.782e-02,0.000e+00,0.000e+00,-8.039e+00,0.000e+00,0.000e+00,3.312e-03,8.042e+00,0.000e+00,3.312e-03,0.000e+00,0.000e+00,9.894e+00,0.000e+00,0.000e+00,9.895e+00,5.519e-04,0.000e+00,9.895e+00,0.000e+00,0.000e+00,5.00
12400,12400,123639,7.404e+00,0.000e+00,5.000e+00,8.405e+00,5.050e-04,0.000e+00,0.000e+00,8.405e+00,0.000e+00,-1.003e+01,0.000e+00,0.000e+00,2.217e-01,1.026e+01,0.000e+00,2.217e-01,0.000e+00,0.000e+00,-8.163e+00,0.000e+00,0.000e+00,4.578e-02,8.208e+00,0.000e+00,4.578e-02,0.000e+00,0.000e+00,9.792e+00,0.000e+00,0.000e+00,9.793e+00,5.249e-04,0.000e+00,9.793e+00,0.000e+00,0.000e+00,5.00
12500,12500,124637,1.436e+01,0.000e+00,5.000e+00,1.536e+01,4.779e-04,0.000e+00,0.000e+00,1.536e+01,0.000e+00,-1.140e+01,0.000e+00,0.000e+00,8.610e-02,1.148e+01,0.000e+00,8.610e-02,0.000e+00,0.000e+00,-7.094e+00,0.000e+00,0.000e+00,9.762e-01,8.070e+00,0.000e+00,9.762e-01,0.000e+00,0.000e+00,3.128e+00,0.000e+00,0.000e+00,3.129e+00,5.034e-04,0.000e+00,3.129e+00,0.000e+00,0.000e+00,5.00
12600,12600,125637,1.697e+01,0.000e+00,5.000e+00,1.797e+01,4.618e-04,0.000e+00,0.000e+00,1.797e+01,0.000e+00,-2.552e+01,0.000e+00,0.000e+00,6.501e-02,2.558e+01,0.000e+00,6.501e-02,0.000e+00,0.000e+00,-9.715e-01,0.000e+00,0.000e+00,7.077e+00,8.049e+00,0.000e+00,7.077e+00,0.000e+00,0.000e+00,8.519e+00,0.000e+00,0.000e+00,8.519e+00,4.712e-04,0.000e+00,8.519e+00,0.000e+00,0.000e+00,5.00
12700,12700,126637,1.576e+01,0.000e+00,4.900e+00,1.677e+01,4.465e-04,0.000e+00,3.449e-08,1.677e+01,0.000e+00,-2.719e+01,0.000e+00,0.000e+00,5.725e-02,2.725e+01,0.000e+00,5.725e-02,0.000e+00,0.000e+00,1.074e+00,0.000e+00,0.000e+00,8.901e+00,7.827e+00,0.000e+00,8.901e+00,0.000e+00,0.000e+00,9.352e+00,0.000e+00,0.000e+00,9.353e+00,4.321e-04,0.000e+00,9.353e+00,0.000e+00,0.000e+00,5.00
12800,12800,127637,1.333e+01,0.000e+00,5.000e+00,1.433e+01,4.359e-04,0.000e+00,0.000e+00,1.433e+01,0.000e+00,-9.268e+00,0.000e+00,0.000e+00,1.709e-01,9.439e+00,0.000e+00,1.709e-01,0.000e+00,0.000e+00,-7.291e+00,0.000e+00,0.000e+00,8.605e-01,8.151e+00,0.000e+00,8.605e-01,0.000e+00,0.000e+00,2.229e+00,0.000e+00,0.000e+00,2.229e+00,4.223e-04,0.000e+00,2.229e+00,0.000e+00,0.000e+00,5.00
12900,12900,128637,1.574e+01,0.000e+00,4.900e+00,1.674e+01,4.141e-04,0.000e+00,5.070e-08,1.674e+01,0.000e+00,-1.826e+01,0.000e+00,0.000e+00,7.025e+00,2.528e+01,0.000e+00,7.025e+00,0.000e+00,0.000e+00,-6.095e+00,0.000e+00,0.000e+00,8.677e+00,1.477e+01,0.000e+00,8.677e+00,0.000e+00,0.000e+00,7.606e+00,0.000e+00,0.000e+00,7.607e+00,3.916e-04,0.000e+00,7.607e+00,0.000e+00,0.000e+00,5.00
13000,13000,129637,1.669e+01,0.000e+00,5.000e+00,1.770e+01,3.881e-04,0.000e+00,0.000e+00,1.770e+01,0.000e+00,-1.547e+00,0.000e+00,0.000e+00,9.984e+00,1.153e+01,0.000e+00,9.984e+00,0.000e+00,0.000e+00,-1.622e+01,0.000e+00,0.000e+00,1.468e+00,1.769e+01,0.000e+00,1.468e+00,0.000e+00,0.000e+00,7.133e-02,0.000e+00,0.000e+00,7.170e-02,3.742e-04,0.000e+00,7.170e-02,0.000e+00,0.000e+00,5.00
13100,13100,130637,1.019e+01,0.000e+00,5.000e+00,1.119e+01,3.676e-04,0.000e+00,0.000e+00,1.119e+01,0.000e+00,-1.265e+00,0.000e+00,0.000e+00,9.995e+00,1.126e+01,0.000e+00,9.995e+00,0.000e+00,0.000e+00,-1.002e+01,0.000e+00,0.000e+00,1.201e+00,1.122e+01,0.000e+00,1.201e+00,0.000e+00,0.000e+00,9.290e-02,0.000e+00,0.000e+00,9.325e-02,3.527e-04,0.000e+00,9.325e-02,0.000e+00,0.000e+00,5.00
13200,13200,131637,1.567e+01,0.000e+00,4.900e+00,1.667e+01,3.200e-04,0.000e+00,0.000e+00,1.667e+01,0.000e+00,-1.365e+00,0.000e+00,0.000e+00,9.890e+00,1.126e+01,0.000e+00,9.890e+00,0.000e+00,0.000e+00,-1.651e+01,0.000e+00,0.000e+00,1.134e+00,1.764e+01,0.000e+00,1.134e+00,0.000e+00,0.000e+00,1.198e+00,0.000e+00,0.000e+00,1.199e+00,3.232e-04,0.000e+00,1.199e+00,0.000e+00,0.000e+00,5.00
13300,13300,132637,1.686e+01,0.000e+00,5.000e+00,1.786e+01,3.014e-04,0.000e+00,0.000e+00,1.786e+01,0.000e+00,-2.764e+00,0.000e+00,0.000e+00,9.975e+00,1.274e+01,0.000e+00,9.975e+00,0.000e+00,0.000e+00,-1.549e+01,0.000e+00,0.000e+00,2.353e+00,1.784e+01,0.000e+00,2.353e+00,0.000e+00,0.000e+00,3.876e-01,0.000e+00,0.000e+00,3.879e-01,3.126e-04,0.000e+00,3.879e-01,0.000e+00,0.000e+00,5.00
13400,13400,133637,8.137e+00,1.000e-01,4.800e+00,9.337e+00,3.070e-04,5.610e-03,3.406e-09,9.331e+00,0.000e+00,-2.473e+00,0.000e+00,0.000e+00,9.963e+00,1.244e+01,0.000e+00,9.963e+00,0.000e+00,0.000e+00,-8.415e+00,0.000e+00,0.000e+00,2.171e+00,1.059e+01,0.000e+00,2.171e+00,0.000e+00,0.000e+00,1.552e+00,0.000e+00,0.000e+00,1.552e+00,2.842e-04,0.000e+00,1.552e+00,0.000e+00,0.000e+00,5.00
13500,13500,134637,1.672e+01,0.000e+00,5.000e+00,1.772e+01,2.660e-04,0.000e+00,0.000e+00,1.772e+01,0.000e+00,-3.895e+00,0.000e+00,0.000e+00,9.949e+00,1.384e+01,0.000e+00,9.949e+00,0.000e+00,0.000e+00,-1.533e+01,0.000e+00,0.000e+00,2.340e+00,1.767e+01,0.000e+00,2.340e+00,0.000e+00,0.000e+00,1.507e+00,0.000e+00,0.000e+00,1.508e+00,2.734e-04,0.000e+00,1.508e+00,0.000e+00,0.000e+00,5.00
13600,13600,135637,1.544e+01,1.000e-01,4.900e+00,1.664e+01,2.743e-04,1.211e-05,0.000e+00,1.664e+01,0.000e+00,-4.518e+00,0.000e+00,0.000e+00,9.972e+00,1.449e+01,0.000e+00,9.972e+00,0.000e+00,0.000e+00,-1.394e+01,0.000e+00,0.000e+00,3.076e+00,1.702e+01,0.000e+00,3.076e+00,0.000e+00,0.000e+00,1.816e+00,0.000e+00,0.000e+00,1.817e+00,2.567e-04,0.000e+00,1.817e+00,0.000e+00,0.000e+00,5.00
13700,13700,136637,1.615e+01,1.000e-01,4.900e+00,1.735e+01,2.543e-04,5.794e-03,0.000e+00,1.735e+01,0.000e+00,-1.702e+01,0.000e+00,0.000e+00,3.767e+00,2.079e+01,0.000e+00,3.767e+00,0.000e+00,0.000e+00,-2.204e+00,0.000e+00,0.000e+00,9.131e+00,1.134e+01,0.000e+00,9.131e+00,0.000e+00,0.000e+00,1.873e+00,0.000e+00,0.000e+00,1.873e+00,2.376e-04,0.000e+00,1.873e+00,0.000e+00,0.000e+00,5.00
13800,13800,137637,1.694e+01,0.000e+00,5.000e+00,1.794e+01,2.254e-04,0.000e+00,0.000e+00,1.794e+01,0.000e+00,-1.182e+01,0.000e+00,0.000e+00,9.977e+00,2.179e+01,0.000e+00,9.977e+00,0.000e+00,0.000e+00,-8.042e+00,0.000e+00,0.000e+00,9.877e+00,1.792e+01,0.000e+00,9.877e+00,0.000e+00,0.000e+00,1.917e+00,0.000e+00,0.000e+00,1.918e+00,2.320e-04,0.000e+00,1.918e+00,0.000e+00,0.000e+00,5.00
13900,13900,138637,8.692e+00,0.000e+00,5.000e+00,9.692e+00,2.133e-04,0.000e+00,0.000e+00,9.692e+00,0.000e+00,-3.771e+00,0.000e+00,0.000e+00,9.999e+00,1.377e+01,0.000e+00,9.999e+00,0.000e+00,0.000e+00,-7.886e+00,0.000e+00,0.000e+00,2.122e+00,1.001e+01,0.000e+00,2.122e+00,0.000e+00,0.000e+00,1.965e+00,0.000e+00,0.000e+00,1.965e+00,2.128e-04,0.000e+00,1.965e+00,0.000e+00,0.000e+00,5.00
14000,14000,139637,8.992e+00,0.000e+00,5.000e+00,9.992e+00,2.052e-04,0.000e+00,0.000e+00,9.992e+00,0.000e+00,-4.235e+00,0.000e+00,0.000e+00,9.999e+00,1.423e+01,0.000e+00,9.999e+00,0.000e+00,0.000e+00,-7.747e+00,0.000e+00,0.000e+00,2.262e+00,1.001e+01,0.000e+00,2.262e+00,0.000e+00,0.000e+00,1.990e+00,0.000e+00,0.000e+00,1.991e+00,1.971e-04,0.000e+00,1.991e+00,0.000e+00,0.000e+00,5.00
14100,14100,140637,9.082e+00,0.000e+00,5.000e+00,1.008e+01,1.947e-04,0.000e+00,0.000e+00,1.008e+01,0.000e+00,-1.198e+01,0.000e+00,0.000e+00,9.999e+00,2.198e+01,0.000e+00,9.999e+00,0.000e+00,0.000e+00,-1.052e-01,0.000e+00,0.000e+00,9.977e+00,1.008e+01,0.000e+00,9.977e+00,0.000e+00,0.000e+00,2.005e+00,0.000e+00,0.000e+00,2.005e+00,1.877e-04,0.000e+00,2.005e+00,0.000e+00,0.000e+00,5.00
14200,14200,141637,9.608e+00,0.000e+00,5.000e+00,1.061e+01,1.794e-04,0.000e+00,0.000e+00,1.061e+01,0.000e+00,-1.196e+01,0.000e+00,0.000e+00,9.978e+00,2.194e+01,0.000e+00,9.978e+00,0.000e+00,0.000e+00,-6.486e-01,0.000e+00,0.000e+00,9.942e+00,1.059e+01,0.000e+00,9.942e+00,0.000e+00,0.000e+00,2.003e+00,0.000e+00,0.000e+00,2.003e+00,1.727e-04,0.000e+00,2.003e+00,0.000e+00,0.000e+00,5.00
14300,14300,142637,1.701e+01,0.000e+00,5.000e+00,1.801e+01,1.615e-04,0.000e+00,0.000e+00,1.801e+01,0.000e+00,-1.725e+01,0.000e+00,0.000e+00,4.779e+00,2.203e+01,0.000e+00,4.779e+00,0.000e+00,0.000e+00,-2.819e+00,0.000e+00,0.000e+00,9.980e+00,1.280e+01,0.000e+00,9.980e+00,0.000e+00,0.000e+00,2.060e+00,0.000e+00,0.000e+00,2.060e+00,1.647e-04,0.000e+00,2.060e+00,0.000e+00,0.000e+00,5.00
14400,14400,143637,1.468e+01,0.000e+00,5.000e+00,1.568e+01,1.516e-04,0.000e+00,0.000e+00,1.568e+01,0.000e+00,-1.954e+01,0.000e+00,0.000e+00,3.415e+00,2.296e+01,0.000e+00,3.415e+00,0.000e+00,0.000e+00,-6.085e+00,0.000e+00,0.000e+00,5.361e+00,1.145e+01,0.000e+00,5.361e+00,0.000e+00,0.000e+00,9.946e+00,0.000e+00,0.000e+00,9.946e+00,1.536e-04,0.000e+00,9.946e+00,0.000e+00,0.000e+00,5.00
14500,14500,144637,1.590e+01,0.000e+00,4.900e+00,1.710e+01,1.376e-04,0.000e+00,3.153e-06,1.710e+01,0.000e+00,-1.827e+01,0.000e+00,0.000e+00,9.923e+00,2.819e+01,0.000e+00,9.923e+00,0.000e+00,0.000e+00,-7.924e+00,0.000e+00,0.000e+00,9.401e+00,1.733e+01,0.000e+00,9.401e+00,0.000e+00,0.000e+00,9.096e+00,0.000e+00,0.000e+00,9.096e+00,1.418e-04,0.000e+00,9.096e+00,0.000e+00,0.000e+00,5.00
14600,14600,145637,1.702e+01,0.000e+00,5.000e+00,1.802e+01,1.337e-04,0.000e+00,0.000e+00,1.802e+01,0.000e+00,-1.960e+01,0.000e+00,0.000e+00,9.999e+00,2.960e+01,0.000e+00,9.999e+00,0.000e+00,0.000e+00,-8.421e+00,0.000e+00,0.000e+00,9.603e+00,1.802e+01,0.000e+00,9.603e+00,0.000e+00,0.000e+00,1.000e+01,0.000e+00,0.000e+00,1.000e+01,1.393e-04,0.000e+00,1.000e+01,0.000e+00,0.000e+00,5.00
14700,14700,146637,1.791e+01,0.000e+00,5.000e+00,1.891e+01,1.261e-04,0.000e+00,0.000e+00,1.891e+01,0.000e+00,-1.998e+01,0.000e+00,0.000e+00,9.995e+00,2.998e+01,0.000e+00,9.995e+00,0.000e+00,0.000e+00,-8.925e+00,0.000e+00,0.000e+00,9.981e+00,1.891e+01,0.000e+00,9.981e+00,0.000e+00,0.000e+00,9.999e+00,0.000e+00,0.000e+00,9.999e+00,1.284e-04,0.000e+00,9.999e+00,0.000e+00,0.000e+00,5.00
14800,14800,147637,1.810e+01,0.000e+00,5.000e+00,1.910e+01,1.177e-04,0.000e+00,0.000e+00,1.910e+01,0.000e+00,-1.990e+01,0.000e+00,0.000e+00,9.995e+00,2.989e+01,0.000e+00,9.995e+00,0.000e+00,0.000e+00,-9.098e+00,0.000e+00,0.000e+00,1.000e+01,1.910e+01,0.000e+00,1.000e+01,0.000e+00,0.000e+00,9.894e+00,0.000e+00,0.000e+00,9.894e+00,1.213e-04,0.000e+00,9.894e+00,0.000e+00,0.000e+00,5.00
14900,14900,148637,8.643e+00,0.000e+00,5.000e+00,9.643e+00,1.124e-04,0.000e+00,0.000e+00,9.643e+00,0.000e+00,-1.902e+01,0.000e+00,0.000e+00,1.000e+01,2.902e+01,0.000e+00,1.000e+01,0.000e+00,0.000e+00,-6.201e-01,0.000e+00,0.000e+00,9.393e+00,1.001e+01,0.000e+00,9.393e+00,0.000e+00,0.000e+00,9.999e+00,0.000e+00,0.000e+00,9.999e+00,1.131e-04,0.000e+00,9.999e+00,0.000e+00,0.000e+00,5.00
15000,15000,149637,9.073e+00,0.000e+00,5.000e+00,1.007e+01,1.081e-04,0.000e+00,0.000e+00,1.007e+01,0.000e+00,-1.324e+01,0.000e+00,0.000e+00,1.000e+01,2.324e+01,0.000e+00,1.000e+01,0.000e+00,0.000e+00,-2.039e-01,0.000e+00,0.000e+00,9.869e+00,1.007e+01,0.000e+00,9.869e+00,0.000e+00,0.000e+00,3.373e+00,0.000e+00,0.000e+00,3.373e+00,1.093e-04,0.000e+00,3.373e+00,0.000e+00,0.000e+00,5.00
15100,15100,150637,-6.293e-01,0.000e+00,5.000e+00,3.709e-01,1.051e-04,0.000e+00,0.000e+00,3.709e-01,0.000e+00,-2.200e-02,0.000e+00,0.000e+00,9.997e+00,1.002e+01,0.000e+00,9.997e+00,0.000e+00,0.000e+00,-1.035e+01,0.000e+00,0.000e+00,1.253e-03,1.035e+01,0.000e+00,1.253e-03,0.000e+00,0.000e+00,1.000e+01,0.000e+00,0.000e+00,1.000e+01,9.784e-05,0.000e+00,1.000e+01,0.000e+00,0.000e+00,5.00
15200,15200,151637,8.753e+00,0.000e+00,5.000e+00,9.753e+00,9.654e-05,0.000e+00,0.000e+00,9.753e+00,0.000e+00,-1.079e-01,0.000e+00,0.000e+00,9.928e+00,1.004e+01,0.000e+00,9.928e+00,0.000e+00,0.000e+00,-1.983e+01,0.000e+00,1.000e-01,2.609e-03,1.963e+01,0.000e+00,2.609e-03,5.685e-09,0.000e+00,9.982e+00,0.000e+00,0.000e+00,9.982e+00,9.985e-05,0.000e+00,9.982e+00,0.000e+00,0.000e+00,5.00
15300,15300,152637,8.883e+00,1.000e-01,4.900e+00,1.008e+01,1.077e-04,1.945e-03,0.000e+00,1.008e+01,0.000e+00,6.870e+00,0.000e+00,0.000e+00,9.998e+00,3.128e+00,0.000e+00,9.998e+00,0.000e+00,0.000e+00,-1.893e+01,0.000e+00,0.000e+00,3.264e-02,1.897e+01,0.000e+00,3.264e-02,0.000e+00,0.000e+00,1.981e+00,0.000e+00,0.000e+00,1.981e+00,8.812e-05,0.000e+00,1.981e+00,0.000e+00,0.000e+00,5.00
15400,15400,153637,1.894e+01,0.000e+00,5.000e+00,1.994e+01,9.242e-05,0.000e+00,0.000e+00,1.994e+01,0.000e+00,-1.183e+01,0.000e+00,0.000e+00,9.997e+00,2.182e+01,0.000e+00,9.997e+00,0.000e+00,0.000e+00,-1.003e+01,0.000e+00,0.000e+00,9.906e+00,1.993e+01,0.000e+00,9.906e+00,0.000e+00,0.000e+00,1.919e+00,0.000e+00,0.000e+00,1.919e+00,8.416e-05,0.000e+00,1.919e+00,0.000e+00,0.000e+00,5.00
15500,15500,154637,1.485e+01,0.000e+00,5.000e+00,1.585e+01,8.809e-05,0.000e+00,0.000e+00,1.585e+01,0.000e+00,-4.171e+00,0.000e+00,0.000e+00,1.000e+01,1.417e+01,0.000e+00,1.000e+01,0.000e+00,0.000e+00,-1.366e+01,0.000e+00,0.000e+00,2.303e+00,1.596e+01,0.000e+00,2.303e+00,0.000e+00,0.000e+00,1.977e+00,0.000e+00,0.000e+00,1.977e+00,7.825e-05,0.000e+00,1.977e+00,0.000e+00,0.000e+00,5.00
15600,15600,155637,1.891e+01,0.000e+00,5.000e+00,1.991e+01,8.373e-05,0.000e+00,0.000e+00,1.991e+01,0.000e+00,-1.193e+01,0.000e+00,0.000e+00,9.995e+00,2.192e+01,0.000e+00,9.995e+00,0.000e+00,0.000e+00,-9.914e+00,0.000e+00,0.000e+00,9.995e+00,1.991e+01,0.000e+00,9.995e+00,0.000e+00,0.000e+00,1.926e+00,0.000e+00,0.000e+00,1.926e+00,7.437e-05,0.000e+00,1.926e+00,0.000e+00,0.000e+00,5.00
15700,15700,156637,1.015e+01,0.000e+00,4.900e+00,1.135e+01,7.912e-05,0.000e+00,5.638e-07,1.135e+01,0.000e+00,-1.083e+01,0.000e+00,0.000e+00,9.999e+00,2.083e+01,0.000e+00,9.999e+00,0.000e+00,0.000e+00,-2.379e+00,0.000e+00,0.000e+00,9.168e+00,1.155e+01,0.000e+00,9.168e+00,0.000e+00,0.000e+00,1.864e+00,0.000e+00,0.000e+00,1.864e+00,6.813e-05,0.000e+00,1.864e+00,0.000e+00,0.000e+00,5.00
15800,15800,157637,1.276e+01,0.000e+00,5.000e+00,1.376e+01,7.588e-05,0.000e+00,0.000e+00,1.376e+01,0.000e+00,-7.354e+00,0.000e+00,0.000e+00,9.978e+00,1.733e+01,0.000e+00,9.978e+00,0.000e+00,0.000e+00,-1.640e+01,0.000e+00,0.000e+00,3.458e+00,1.986e+01,0.000e+00,3.458e+00,0.000e+00,0.000e+00,9.997e+00,0.000e+00,0.000e+00,9.997e+00,6.190e-05,0.000e+00,9.997e+00,0.000e+00,0.000e+00,5.00
15900,15900,158637,1.302e+01,0.000e+00,5.000e+00,1.402e+01,7.133e-05,0.000e+00,0.000e+00,1.402e+01,0.000e+00,-8.341e+00,0.000e+00,0.000e+00,9.968e+00,1.831e+01,0.000e+00,9.968e+00,0.000e+00,0.000e+00,-1.567e+01,0.000e+00,0.000e+00,4.202e+00,1.987e+01,0.000e+00,4.202e+00,0.000e+00,0.000e+00,9.995e+00,0.000e+00,0.000e+00,9.995e+00,5.788e-05,0.000e+00,9.995e+00,0.000e+00,0.000e+00,5.00
16000,16000,159637,1.860e+01,0.000e+00,5.000e+00,1.960e+01,6.681e-05,0.000e+00,0.000e+00,1.960e+01,0.000e+00,-1.995e+01,0.000e+00,0.000e+00,9.990e+00,2.994e+01,0.000e+00,9.990e+00,0.000e+00,0.000e+00,-9.587e+00,0.000e+00,0.000e+00,9.999e+00,1.959e+01,0.000e+00,9.999e+00,0.000e+00,0.000e+00,9.942e+00,0.000e+00,0.000e+00,9.942e+00,5.531e-05,0.000e+00,9.942e+00,0.000e+00,0.000e+00,5.00
16100,16100,160637,1.878e+01,0.000e+00,5.000e+00,1.978e+01,6.263e-05,0.000e+00,0.000e+00,1.978e+01,0.000e+00,-1.989e+01,0.000e+00,0.000e+00,9.988e+00,2.988e+01,0.000e+00,9.988e+00,0.000e+00,0.000e+00,-9.773e+00,0.000e+00,0.000e+00,9.999e+00,1.977e+01,0.000e+00,9.999e+00,0.000e+00,0.000e+00,9.877e+00,0.000e+00,0.000e+00,9.877e+00,5.215e-05,0.000e+00,9.877e+00,0.000e+00,0.000e+00,5.00
16200,16200,161637,1.888e+01,0.000e+00,5.000e+00,1.988e+01,5.887e-05,0.000e+00,0.000e+00,1.988e+01,0.000e+00,-2.002e+01,0.000e+00,0.000e+00,9.924e+00,2.995e+01,0.000e+00,9.924e+00,0.000e+00,0.000e+00,-9.805e+00,0.000e+00,0.000e+00,9.999e+00,1.980e+01,0.000e+00,9.999e+00,0.000e+00,0.000e+00,9.948e+00,0.000e+00,0.000e+00,9.948e+00,4.886e-05,0.000e+00,9.948e+00,0.000e+00,0.000e+00,5.00
16300,16300,162637,1.722e+01,0.000e+00,5.000e+00,1.822e+01,5.531e-05,0.000e+00,0.000e+00,1.822e+01,0.000e+00,-1.995e+01,0.000e+00,0.000e+00,9.993e+00,2.994e+01,0.000e+00,9.993e+00,0.000e+00,0.000e+00,-8.216e+00,0.000e+00,0.000e+00,9.999e+00,1.821e+01,0.000e+00,9.999e+00,0.000e+00,0.000e+00,9.941e+00,0.000e+00,0.000e+00,9.941e+00,4.553e-05,0.000e+00,9.941e+00,0.000e+00,0.000e+00,5.00
16400,16400,163637,8.700e+00,0.000e+00,4.900e+00,9.800e+00,5.270e-05,0.000e+00,0.000e+00,9.800e+00,0.000e+00,-1.959e+01,0.000e+00,0.000e+00,1.000e+01,2.959e+01,0.000e+00,1.000e+01,0.000e+00,0.000e+00,-2.023e-01,0.000e+00,0.000e+00,9.798e+00,1.000e+01,0.000e+00,9.798e+00,0.000e+00,0.000e+00,9.992e+00,0.000e+00,0.000e+00,9.992e+00,4.138e-05,0.000e+00,9.992e+00,0.000e+00,0.000e+00,5.00
16500,16500,164637,9.003e+00,0.000e+00,5.000e+00,1.000e+01,4.943e-05,0.000e+00,0.000e+00,1.000e+01,0.000e+00,-1.993e+01,0.000e+00,0.000e+00,9.990e+00,2.992e+01,0.000e+00,9.990e+00,0.000e+00,0.000e+00,4.712e-03,0.000e+00,0.000e+00,9.999e+00,9.994e+00,0.000e+00,9.999e+00,0.000e+00,0.000e+00,9.923e+00,0.000e+00,0.000e+00,9.923e+00,3.976e-05,0.000e+00,9.923e+00,0.000e+00,0.000e+00,5.00
16600,16600,165637,8.706e+00,1.000e-01,4.900e+00,9.806e+00,4.498e-05,7.629e-08,0.000e+00,9.806e+00,0.000e+00,-1.965e+01,0.000e+00,0.000e+00,9.889e+00,2.954e+01,0.000e+00,9.889e+00,0.000e+00,0.000e+00,-1.021e-01,0.000e+00,0.000e+00,9.794e+00,9.897e+00,0.000e+00,9.794e+00,0.000e+00,0.000e+00,9.945e+00,0.000e+00,0.000e+00,9.945e+00,3.680e-05,0.000e+00,9.945e+00,0.000e+00,0.000e+00,5.00
16700,16700,166637,9.005e+00,0.000e+00,5.000e+00,1.001e+01,4.239e-05,0.000e+00,0.000e+00,1.001e+01,0.000e+00,-1.990e+01,0.000e+00,0.000e+00,9.986e+00,2.989e+01,0.000e+00,9.986e+00,0.000e+00,0.000e+00,1.028e-04,0.000e+00,0.000e+00,9.991e+00,9.991e+00,0.000e+00,9.991e+00,0.000e+00,0.000e+00,9.898e+00,0.000e+00,0.000e+00,9.898e+00,3.548e-05,0.000e+00,9.898e+00,0.000e+00,0.000e+00,5.00
16800,16800,167637,9.064e+00,0.000e+00,5.000e+00,1.006e+01,3.974e-05,0.000e+00,0.000e+00,1.006e+01,0.000e+00,-1.984e+01,0.000e+00,0.000e+00,9.991e+00,2.984e+01,0.000e+00,9.991e+00,0.000e+00,0.000e+00,-8.832e-02,0.000e+00,0.000e+00,9.968e+00,1.006e+01,0.000e+00,9.968e+00,0.000e+00,0.000e+00,9.869e+00,0.000e+00,0.000e+00,9.869e+00,3.345e-05,0.000e+00,9.869e+00,0.000e+00,0.000e+00,5.00
16900,16900,168637,9.073e+00,0.000e+00,5.000e+00,1.007e+01,3.742e-05,0.000e+00,0.000e+00,1.007e+01,0.000e+00,-1.985e+01,0.000e+00,0.000e+00,9.991e+00,2.984e+01,0.000e+00,9.991e+00,0.000e+00,0.000e+00,-7.865e-02,0.000e+00,0.000e+00,9.986e+00,1.007e+01,0.000e+00,9.986e+00,0.000e+00,0.000e+00,9.859e+00,0.000e+00,0.000e+00,9.859e+00,3.132e-05,0.000e+00,9.859e+00,0.000e+00,0.000e+00,5.00
17000,17000,169637,1.065e+01,0.000e+00,5.000e+00,1.165e+01,3.569e-05,0.000e+00,0.000e+00,1.165e+01,0.000e+00,-1.235e+01,0.000e+00,0.000e+00,9.968e+00,2.232e+01,0.000e+00,9.968e+00,0.000e+00,0.000e+00,-1.622e+00,0.000e+00,0.000e+00,9.997e+00,1.162e+01,0.000e+00,9.997e+00,0.000e+00,0.000e+00,2.323e+00,0.000e+00,0.000e+00,2.323e+00,3.018e-05,0.000e+00,2.323e+00,0.000e+00,0.000e+00,5.00
17100,17100,170637,1.886e+01,0.000e+00,5.000e+00,1.986e+01,3.383e-05,0.000e+00,0.000e+00,1.986e+01,0.000e+00,-1.920e+01,0.000e+00,0.000e+00,3.332e+00,2.253e+01,0.000e+00,3.332e+00,0.000e+00,0.000e+00,-3.223e+00,0.000e+00,0.000e+00,9.974e+00,1.320e+01,0.000e+00,9.974e+00,0.000e+00,0.000e+00,2.560e+00,0.000e+00,0.000e+00,2.560e+00,2.839e-05,0.000e+00,2.560e+00,0.000e+00,0.000e+00,5.00
17200,17200,171637,1.892e+01,0.000e+00,5.000e+00,1.992e+01,3.187e-05,0.000e+00,0.000e+00,1.992e+01,0.000e+00,-1.231e+01,0.000e+00,0.000e+00,9.777e+00,2.208e+01,0.000e+00,9.777e+00,0.000e+00,0.000e+00,-9.730e+00,0.000e+00,0.000e+00,9.968e+00,1.970e+01,0.000e+00,9.968e+00,0.000e+00,0.000e+00,2.116e+00,0.000e+00,0.000e+00,2.116e+00,2.666e-05,0.000e+00,2.116e+00,0.000e+00,0.000e+00,5.00
17300,17300,172635,1.894e+01,0.000e+00,5.000e+00,1.994e+01,2.989e-05,0.000e+00,0.000e+00,1.994e+01,0.000e+00,-1.210e+01,0.000e+00,0.000e+00,9.826e+00,2.192e+01,0.000e+00,9.826e+00,0.000e+00,0.000e+00,-9.815e+00,0.000e+00,0.000e+00,9.948e+00,1.976e+01,0.000e+00,9.948e+00,0.000e+00,0.000e+00,1.975e+00,0.000e+00,0.000e+00,1.975e+00,2.492e-05,0.000e+00,1.975e+00,0.000e+00,0.000e+00,5.00
17400,17400,173635,1.894e+01,0.000e+00,5.000e+00,1.994e+01,2.773e-05,0.000e+00,0.000e+00,1.994e+01,0.000e+00,-3.975e+00,0.000e+00,0.000e+00,9.890e+00,1.387e+01,0.000e+00,9.890e+00,0.000e+00,0.000e+00,-1.797e+01,0.000e+00,0.000e+00,1.868e+00,1.983e+01,0.000e+00,1.868e+00,0.000e+00,0.000e+00,1.998e+00,0.000e+00,0.000e+00,1.998e+00,2.364e-05,0.000e+00,1.998e+00,0.000e+00,0.000e+00,5.00
17500,17500,174635,1.717e+01,1.000e-01,4.900e+00,1.837e+01,2.814e-05,1.333e-05,0.000e+00,1.837e+01,0.000e+00,-5.453e+00,0.000e+00,0.000e+00,9.881e+00,1.533e+01,0.000e+00,9.881e+00,0.000e+00,0.000e+00,-1.570e+01,0.000e+00,0.000e+00,3.345e+00,1.905e+01,0.000e+00,3.345e+00,0.000e+00,0.000e+00,2.789e+00,0.000e+00,0.000e+00,2.789e+00,2.214e-05,0.000e+00,2.789e+00,0.000e+00,0.000e+00,5.00
17600,17600,175635,1.897e+01,0.000e+00,5.000e+00,1.997e+01,2.390e-05,0.000e+00,0.000e+00,1.997e+01,0.000e+00,-1.203e+01,0.000e+00,0.000e+00,9.915e+00,2.194e+01,0.000e+00,9.915e+00,0.000e+00,0.000e+00,-9.940e+00,0.000e+00,0.000e+00,9.947e+00,1.989e+01,0.000e+00,9.947e+00,0.000e+00,0.000e+00,1.996e+00,0.000e+00,0.000e+00,1.996e+00,2.099e-05,0.000e+00,1.996e+00,0.000e+00,0.000e+00,5.00
17700,17700,176635,1.892e+01,0.000e+00,5.000e+00,1.992e+01,2.271e-05,0.000e+00,0.000e+00,1.992e+01,0.000e+00,-1.201e+01,0.000e+00,0.000e+00,9.964e+00,2.197e+01,0.000e+00,9.964e+00,0.000e+00,0.000e+00,-9.899e+00,0.000e+00,0.000e+00,9.986e+00,1.989e+01,0.000e+00,9.986e+00,0.000e+00,0.000e+00,1.989e+00,0.000e+00,0.000e+00,1.989e+00,1.987e-05,0.000e+00,1.989e+00,0.000e+00,0.000e+00,5.00
17800,17800,177635,1.896e+01,0.000e+00,5.000e+00,1.996e+01,2.135e-05,0.000e+00,0.000e+00,1.996e+01,0.000e+00,-1.172e+01,0.000e+00,0.000e+00,9.641e+00,2.136e+01,0.000e+00,9.641e+00,0.000e+00,0.000e+00,-1.025e+01,0.000e+00,0.000e+00,9.354e+00,1.960e+01,0.000e+00,9.354e+00,0.000e+00,0.000e+00,2.005e+00,0.000e+00,0.000e+00,2.005e+00,1.889e-05,0.000e+00,2.005e+00,0.000e+00,0.000e+00,5.00
17900,17900,178635,1.696e+01,0.000e+00,4.900e+00,1.796e+01,1.947e-05,0.000e+00,0.000e+00,1.796e+01,0.000e+00,-1.094e+01,0.000e+00,0.000e+00,9.847e+00,2.078e+01,0.000e+00,9.847e+00,0.000e+00,0.000e+00,-9.828e+00,0.000e+00,0.000e+00,8.980e+00,1.881e+01,0.000e+00,8.980e+00,0.000e+00,0.000e+00,2.802e+00,0.000e+00,0.000e+00,2.802e+00,1.723e-05,0.000e+00,2.802e+00,0.000e+00,0.000e+00,5.00
18000,18000,179635,1.893e+01,0.000e+00,5.000e+00,1.993e+01,1.860e-05,0.000e+00,0.000e+00,1.993e+01,0.000e+00,-1.172e+01,0.000e+00,0.000e+00,9.937e+00,2.166e+01,0.000e+00,9.937e+00,0.000e+00,0.000e+00,-1.021e+01,0.000e+00,0.000e+00,9.656e+00,1.987e+01,0.000e+00,9.656e+00,0.000e+00,0.000e+00,2.004e+00,0.000e+00,0.000e+00,2.004e+00,1.622e-05,0.000e+00,2.004e+00,0.000e+00,0.000e+00,5.00
18100,18100,180635,1.893e+01,0.000e+00,5.000e+00,1.993e+01,1.777e-05,0.000e+00,0.000e+00,1.993e+01,0.000e+00,-1.206e+01,0.000e+00,0.000e+00,9.945e+00,2.201e+01,0.000e+00,9.945e+00,0.000e+00,0.000e+00,-9.874e+00,0.000e+00,0.000e+00,9.997e+00,1.987e+01,0.000e+00,9.997e+00,0.000e+00,0.000e+00,2.011e+00,0.000e+00,0.000e+00,2.011e+00,1.526e-05,0.000e+00,2.011e+00,0.000e+00,0.000e+00,5.00
18200,18200,181635,1.896e+01,0.000e+00,5.000e+00,1.996e+01,1.701e-05,0.000e+00,0.000e+00,1.996e+01,0.000e+00,-2.004e+01,0.000e+00,0.000e+00,9.934e+00,2.998e+01,0.000e+00,9.934e+00,0.000e+00,0.000e+00,-9.902e+00,0.000e+00,0.000e+00,9.995e+00,1.990e+01,0.000e+00,9.995e+00,0.000e+00,0.000e+00,9.985e+00,0.000e+00,0.000e+00,9.985e+00,1.456e-05,0.000e+00,9.985e+00,0.000e+00,0.000e+00,5.00
18300,18300,182635,1.897e+01,0.000e+00,5.000e+00,1.997e+01,1.617e-05,0.000e+00,0.000e+00,1.997e+01,0.000e+00,-2.002e+01,0.000e+00,0.000e+00,9.936e+00,2.996e+01,0.000e+00,9.936e+00,0.000e+00,0.000e+00,-9.941e+00,0.000e+00,0.000e+00,9.967e+00,1.991e+01,0.000e+00,9.967e+00,0.000e+00,0.000e+00,9.993e+00,0.000e+00,0.000e+00,9.993e+00,1.376e-05,0.000e+00,9.993e+00,0.000e+00,0.000e+00,5.00
18400,18400,183635,1.898e+01,0.000e+00,5.000e+00,1.998e+01,1.528e-05,0.000e+00,0.000e+00,1.998e+01,0.000e+00,-1.964e+01,0.000e+00,0.000e+00,9.944e+00,2.958e+01,0.000e+00,9.944e+00,0.000e+00,0.000e+00,-9.922e+00,0.000e+00,0.000e+00,9.997e+00,1.992e+01,0.000e+00,9.997e+00,0.000e+00,0.000e+00,9.584e+00,0.000e+00,0.000e+00,9.584e+00,1.293e-05,0.000e+00,9.584e+00,0.000e+00,0.000e+00,5.00
18500,18500,184635,8.976e+00,0.000e+00,5.000e+00,9.976e+00,1.433e-05,0.000e+00,0.000e+00,9.976e+00,0.000e+00,-4.034e-02,0.000e+00,0.000e+00,9.960e+00,1.000e+01,0.000e+00,9.960e+00,0.000e+00,0.000e+00,-1.994e+01,0.000e+00,0.000e+00,3.252e-06,1.994e+01,0.000e+00,3.252e-06,0.000e+00,0.000e+00,1.000e+01,0.000e+00,0.000e+00,1.000e+01,1.200e-05,0.000e+00,1.000e+01,0.000e+00,0.000e+00,5.00
18600,18600,185635,8.978e+00,0.000e+00,5.000e+00,9.978e+00,1.358e-05,0.000e+00,0.000e+00,9.978e+00,0.000e+00,-3.380e-02,0.000e+00,0.000e+00,9.961e+00,9.995e+00,0.000e+00,9.961e+00,0.000e+00,0.000e+00,-1.994e+01,0.000e+00,0.000e+00,3.057e-06,1.994e+01,0.000e+00,3.057e-06,0.000e+00,0.000e+00,9.995e+00,0.000e+00,0.000e+00,9.995e+00,1.139e-05,0.000e+00,9.995e+00,0.000e+00,0.000e+00,5.00
18700,18700,186635,8.980e+00,0.000e+00,5.000e+00,9.980e+00,1.282e-05,0.000e+00,0.000e+00,9.980e+00,0.000e+00,-1.146e-01,0.000e+00,0.000e+00,9.872e+00,9.987e+00,0.000e+00,9.872e+00,0.000e+00,0.000e+00,-1.985e+01,0.000e+00,0.000e+00,2.906e-06,1.985e+01,0.000e+00,2.906e-06,0.000e+00,0.000e+00,9.987e+00,0.000e+00,0.000e+00,9.987e+00,1.082e-05,0.000e+00,9.987e+00,0.000e+00,0.000e+00,5.00
18800,18800,187635,8.985e+00,0.000e+00,5.000e+00,9.985e+00,1.222e-05,0.000e+00,0.000e+00,9.985e+00,0.000e+00,1.153e-01,0.000e+00,0.000e+00,9.949e+00,9.834e+00,0.000e+00,9.949e+00,0.000e+00,0.000e+00,-1.993e+01,0.000e+00,0.000e+00,2.768e-06,1.993e+01,0.000e+00,2.768e-06,0.000e+00,0.000e+00,9.834e+00,0.000e+00,0.000e+00,9.834e+00,1.015e-05,0.000e+00,9.834e+00,0.000e+00,0.000e+00,5.00
18900,18900,188635,8.985e+00,0.000e+00,5.000e+00,9.985e+00,1.141e-05,0.000e+00,0.000e+00,9.985e+00,0.000e+00,1.879e-01,0.000e+00,0.000e+00,9.969e+00,9.782e+00,0.000e+00,9.969e+00,0.000e+00,0.000e+00,-1.995e+01,0.000e+00,0.000e+00,2.612e-06,1.995e+01,0.000e+00,2.612e-06,0.000e+00,0.000e+00,9.782e+00,0.000e+00,0.000e+00,9.782e+00,9.613e-06,0.000e+00,9.782e+00,0.000e+00,0.000e+00,5.00
19000,19000,189635,8.564e+00,0.000e+00,5.000e+00,9.564e+00,1.088e-05,0.000e+00,0.000e+00,9.564e+00,0.000e+00,3.241e-02,0.000e+00,0.000e+00,9.986e+00,9.954e+00,0.000e+00,9.986e+00,0.000e+00,0.000e+00,-1.955e+01,0.000e+00,0.000e+00,2.485e-06,1.955e+01,0.000e+00,2.485e-06,0.000e+00,0.000e+00,9.954e+00,0.000e+00,0.000e+00,9.954e+00,8.869e-06,0.000e+00,9.954e+00,0.000e+00,0.000e+00,5.00
19100,19100,190635,-9.484e-02,0.000e+00,5.000e+00,9.052e-01,1.021e-05,0.000e+00,0.000e+00,9.052e-01,0.000e+00,1.160e-01,0.000e+00,0.000e+00,9.995e+00,9.878e+00,0.000e+00,9.995e+00,0.000e+00,0.000e+00,-1.090e+01,0.000e+00,0.000e+00,2.324e-06,1.090e+01,0.000e+00,2.324e-06,0.000e+00,0.000e+00,9.879e+00,0.000e+00,0.000e+00,9.879e+00,8.286e-06,0.000e+00,9.879e+00,0.000e+00,0.000e+00,5.00
19200,19200,191635,7.880e+00,0.000e+00,4.900e+00,9.080e+00,9.686e-06,0.000e+00,1.178e-08,9.080e+00,0.000e+00,1.438e-02,0.000e+00,0.000e+00,9.954e+00,9.940e+00,0.000e+00,9.954e+00,0.000e+00,0.000e+00,-1.903e+01,0.000e+00,0.000e+00,2.147e-06,1.903e+01,0.000e+00,2.147e-06,0.000e+00,0.000e+00,9.940e+00,0.000e+00,0.000e+00,9.940e+00,7.500e-06,0.000e+00,9.940e+00,0.000e+00,0.000e+00,5.00
19300,19300,192635,8.988e+00,0.000e+00,5.000e+00,9.988e+00,9.262e-06,0.000e+00,0.000e+00,9.988e+00,0.000e+00,-7.016e-03,0.000e+00,0.000e+00,9.955e+00,9.962e+00,0.000e+00,9.955e+00,0.000e+00,0.000e+00,-1.994e+01,0.000e+00,0.000e+00,2.136e-06,1.994e+01,0.000e+00,2.136e-06,0.000e+00,0.000e+00,9.962e+00,0.000e+00,0.000e+00,9.962e+00,7.433e-06,0.000e+00,9.962e+00,0.000e+00,0.000e+00,5.00
19400,19400,193635,8.989e+00,0.000e+00,5.000e+00,9.989e+00,8.674e-06,0.000e+00,0.000e+00,9.989e+00,0.000e+00,-1.391e-02,0.000e+00,0.000e+00,9.956e+00,9.970e+00,0.000e+00,9.956e+00,0.000e+00,0.000e+00,-1.994e+01,0.000e+00,0.000e+00,2.022e-06,1.994e+01,0.000e+00,2.022e-06,0.000e+00,0.000e+00,9.970e+00,0.000e+00,0.000e+00,9.970e+00,7.044e-06,0.000e+00,9.970e+00,0.000e+00,0.000e+00,5.00
19500,19500,194635,8.990e+00,0.000e+00,5.000e+00,9.990e+00,8.212e-06,0.000e+00,0.000e+00,9.990e+00,0.000e+00,3.917e-02,0.000e+00,0.000e+00,9.981e+00,9.941e+00,0.000e+00,9.981e+00,0.000e+00,0.000e+00,-1.997e+01,0.000e+00,0.000e+00,1.915e-06,1.997e+01,0.000e+00,1.915e-06,0.000e+00,0.000e+00,9.941e+00,0.000e+00,0.000e+00,9.941e+00,6.678e-06,0.000e+00,9.941e+00,0.000e+00,0.000e+00,5.00
19600,19600,195635,8.990e+00,0.000e+00,5.000e+00,9.990e+00,7.703e-06,0.000e+00,0.000e+00,9.990e+00,0.000e+00,1.821e-02,0.000e+00,0.000e+00,9.957e+00,9.938e+00,0.000e+00,9.957e+00,0.000e+00,0.000e+00,-1.995e+01,0.000e+00,0.000e+00,1.795e-06,1.995e+01,0.000e+00,1.795e-06,0.000e+00,0.000e+00,9.938e+00,0.000e+00,0.000e+00,9.938e+00,6.266e-06,0.000e+00,9.938e+00,0.000e+00,0.000e+00,5.00
19700,19700,196635,8.990e+00,0.000e+00,5.000e+00,9.990e+00,7.188e-06,0.000e+00,0.000e+00,9.990e+00,0.000e+00,1.241e+00,0.000e+00,0.000e+00,9.970e+00,8.730e+00,0.000e+00,9.970e+00,0.000e+00,0.000e+00,-1.996e+01,0.000e+00,0.000e+00,1.632e-06,1.996e+01,0.000e+00,1.632e-06,0.000e+00,0.000e+00,8.730e+00,0.000e+00,0.000e+00,8.730e+00,5.910e-06,0.000e+00,8.730e+00,0.000e+00,0.000e+00,5.00
19800,19800,197635,8.989e+00,0.000e+00,5.000e+00,9.989e+00,6.802e-06,0.000e+00,0.000e+00,9.989e+00,0.000e+00,-2.022e-02,0.000e+00,0.000e+00,9.978e+00,9.998e+00,0.000e+00,9.978e+00,0.000e+00,0.000e+00,-1.997e+01,0.000e+00,0.000e+00,1.723e-06,1.997e+01,0.000e+00,1.723e-06,0.000e+00,0.000e+00,9.998e+00,0.000e+00,0.000e+00,9.998e+00,5.609e-06,0.000e+00,9.998e+00,0.000e+00,0.000e+00,5.00
19900,19900,198635,8.991e+00,0.000e+00,5.000e+00,9.991e+00,6.407e-06,0.000e+00,0.000e+00,9.991e+00,0.000e+00,-1.797e-02,0.000e+00,0.000e+00,9.981e+00,9.999e+00,0.000e+00,9.981e+00,0.000e+00,0.000e+00,-1.997e+01,0.000e+00,0.000e+00,1.855e-06,1.997e+01,0.000e+00,1.855e-06,0.000e+00,0.000e+00,9.999e+00,0.000e+00,0.000e+00,9.999e+00,5.291e-06,0.000e+00,9.999e+00,0.000e+00,0.000e+00,5.00
20000,20000,199635,8.992e+00,0.000e+00,5.000e+00,9.992e+00,6.086e-06,0.000e+00,0.000e+00,9.992e+00,0.000e+00,-4.149e-04,0.000e+00,0.000e+00,9.984e+00,9.985e+00,0.000e+00,9.984e+00,0.000e+00,0.000e+00,-1.998e+01,0.000e+00,0.000e+00,1.742e-06,1.998e+01,0.000e+00,1.742e-06,0.000e+00,0.000e+00,9.985e+00,0.000e+00,0.000e+00,9.985e+00,5.002e-06,0.000e+00,9.985e+00,0.000e+00,0.000e+00,5.00
20100,20100,200635,8.323e+00,0.000e+00,5.000e+00,9.323e+00,5.765e-06,0.000e+00,0.000e+00,9.323e+00,0.000e+00,4.078e-02,0.000e+00,0.000e+00,9.990e+00,9.949e+00,0.000e+00,9.990e+00,0.000e+00,0.000e+00,-1.931e+01,0.000e+00,0.000e+00,1.576e-06,1.931e+01,0.000e+00,1.576e-06,0.000e+00,0.000e+00,9.949e+00,0.000e+00,0.000e+00,9.949e+00,4.753e-06,0.000e+00,9.949e+00,0.000e+00,0.000e+00,5.00
20200,20200,201635,8.954e+00,0.000e+00,5.000e+00,9.954e+00,5.458e-06,0.000e+00,0.000e+00,9.954e+00,0.000e+00,8.092e-02,0.000e+00,0.000e+00,9.986e+00,9.905e+00,0.000e+00,9.986e+00,0.000e+00,0.000e+00,-1.994e+01,0.000e+00,0.000e+00,1.389e-06,1.994e+01,0.000e+00,1.389e-06,0.000e+00,0.000e+00,9.905e+00,0.000e+00,0.000e+00,9.905e+00,4.477e-06,0.000e+00,9.905e+00,0.000e+00,0.000e+00,5.00
20300,20300,202635,8.974e+00,0.000e+00,5.000e+00,9.974e+00,5.176e-06,0.000e+00,0.000e+00,9.974e+00,0.000e+00,8.646e-03,0.000e+00,0.000e+00,9.986e+00,9.977e+00,0.000e+00,9.986e+00,0.000e+00,0.000e+00,-1.996e+01,0.000e+00,0.000e+00,1.319e-06,1.996e+01,0.000e+00,1.319e-06,0.000e+00,0.000e+00,9.977e+00,0.000e+00,0.000e+00,9.977e+00,4.184e-06,0.000e+00,9.977e+00,0.000e+00,0.000e+00,5.00
20400,20400,203635,9.064e+00,0.000e+00,5.000e+00,1.006e+01,4.994e-06,0.000e+00,0.000e+00,1.006e+01,0.000e+00,9.858e+00,0.000e+00,0.000e+00,9.988e+00,1.304e-01,0.000e+00,9.988e+00,0.000e+00,0.000e+00,-1.997e+01,0.000e+00,0.000e+00,3.400e-06,1.997e+01,0.000e+00,3.400e-06,0.000e+00,0.000e+00,4.704e-02,0.000e+00,0.000e+00,4.704e-02,3.959e-06,0.000e+00,4.704e-02,0.000e+00,0.000e+00,5.00
20500,20500,204635,1.217e+01,0.000e+00,5.000e+00,1.317e+01,4.547e-06,0.000e+00,0.000e+00,1.317e+01,0.000e+00,6.325e+00,0.000e+00,0.000e+00,9.994e+00,3.669e+00,0.000e+00,9.994e+00,0.000e+00,0.000e+00,-1.998e+01,0.000e+00,0.000e+00,9.227e-05,1.998e+01,0.000e+00,9.227e-05,0.000e+00,0.000e+00,4.849e-01,0.000e+00,0.000e+00,4.849e-01,3.720e-06,0.000e+00,4.849e-01,0.000e+00,0.000e+00,5.00
20600,20600,205635,1.282e+01,0.000e+00,5.000e+00,1.382e+01,4.343e-06,0.000e+00,0.000e+00,1.382e+01,0.000e+00,4.194e+00,0.000e+00,0.000e+00,9.993e+00,5.800e+00,0.000e+00,9.993e+00,0.000e+00,0.000e+00,-1.994e+01,0.000e+00,0.000e+00,3.456e-02,1.998e+01,0.000e+00,3.456e-02,0.000e+00,0.000e+00,1.929e+00,0.000e+00,0.000e+00,1.929e+00,3.488e-06,0.000e+00,1.929e+00,0.000e+00,0.000e+00,5.00
20700,20700,206635,8.067e+00,1.000e-01,4.800e+00,9.167e+00,4.642e-06,0.000e+00,0.000e+00,9.167e+00,0.000e+00,4.837e-01,0.000e+00,0.000e+00,9.942e+00,9.458e+00,0.000e+00,9.942e+00,0.000e+00,0.000e+00,-1.892e+01,0.000e+00,0.000e+00,1.223e-02,1.893e+01,0.000e+00,1.223e-02,0.000e+00,0.000e+00,9.269e+00,0.000e+00,0.000e+00,9.269e+00,3.227e-06,0.000e+00,9.269e+00,0.000e+00,0.000e+00,5.00
20800,20800,207635,1.899e+01,0.000e+00,5.000e+00,1.999e+01,3.851e-06,0.000e+00,0.000e+00,1.999e+01,0.000e+00,-1.390e+01,0.000e+00,0.000e+00,9.977e+00,2.387e+01,0.000e+00,9.977e+00,0.000e+00,0.000e+00,-9.971e+00,0.000e+00,0.000e+00,9.994e+00,1.996e+01,0.000e+00,9.994e+00,0.000e+00,0.000e+00,3.882e+00,0.000e+00,0.000e+00,3.882e+00,3.105e-06,0.000e+00,3.882e+00,0.000e+00,0.000e+00,5.00
20900,20900,208635,8.030e+00,0.000e+00,4.900e+00,9.230e+00,3.592e-06,0.000e+00,1.930e-06,9.230e+00,0.000e+00,-4.475e-01,0.000e+00,0.000e+00,9.996e+00,1.044e+01,0.000e+00,9.996e+00,0.000e+00,0.000e+00,-1.878e+01,0.000e+00,0.000e+00,4.059e-01,1.919e+01,0.000e+00,4.059e-01,0.000e+00,0.000e+00,9.999e+00,0.000e+00,0.000e+00,9.999e+00,2.794e-06,0.000e+00,9.999e+00,0.000e+00,0.000e+00,5.00
21000,21000,209635,8.407e+00,0.000e+00,4.900e+00,9.607e+00,3.401e-06,0.000e+00,0.000e+00,9.607e+00,0.000e+00,-2.550e+00,0.000e+00,0.000e+00,9.577e+00,1.213e+01,0.000e+00,9.577e+00,0.000e+00,0.000e+00,-1.706e+01,0.000e+00,0.000e+00,2.097e+00,1.915e+01,0.000e+00,2.097e+00,0.000e+00,0.000e+00,1.000e+01,0.000e+00,0.000e+00,1.000e+01,2.625e-06,0.000e+00,1.000e+01,0.000e+00,0.000e+00,5.00
21100,21100,210635,9.264e+00,0.000e+00,5.000e+00,1.026e+01,3.196e-06,0.000e+00,0.000e+00,1.026e+01,0.000e+00,-3.935e+00,0.000e+00,0.000e+00,9.995e+00,1.393e+01,0.000e+00,9.995e+00,0.000e+00,0.000e+00,-1.633e+01,0.000e+00,0.000e+00,3.659e+00,1.999e+01,0.000e+00,3.659e+00,0.000e+00,0.000e+00,9.999e+00,0.000e+00,0.000e+00,9.999e+00,2.574e-06,0.000e+00,9.999e+00,0.000e+00,0.000e+00,5.00
21200,21200,211635,1.895e+01,0.000e+00,5.000e+00,1.995e+01,2.993e-06,0.000e+00,0.000e+00,1.995e+01,0.000e+00,-1.206e+01,0.000e+00,0.000e+00,9.995e+00,2.206e+01,0.000e+00,9.995e+00,0.000e+00,0.000e+00,-9.985e+00,0.000e+00,0.000e+00,1.000e+01,1.999e+01,0.000e+00,1.000e+01,0.000e+00,0.000e+00,2.094e+00,0.000e+00,0.000e+00,2.094e+00,2.440e-06,0.000e+00,2.094e+00,0.000e+00,0.000e+00,5.00
21300,21300,212635,1.895e+01,0.000e+00,5.000e+00,1.995e+01,2.847e-06,0.000e+00,0.000e+00,1.995e+01,0.000e+00,-1.213e+01,0.000e+00,0.000e+00,9.995e+00,2.212e+01,0.000e+00,9.995e+00,0.000e+00,0.000e+00,-9.987e+00,0.000e+00,0.000e+00,9.999e+00,1.999e+01,0.000e+00,9.999e+00,0.000e+00,0.000e+00,2.164e+00,0.000e+00,0.000e+00,2.164e+00,2.309e-06,0.000e+00,2.164e+00,0.000e+00,0.000e+00,5.00
21400,21400,213635,1.875e+01,0.000e+00,5.000e+00,1.975e+01,2.695e-06,0.000e+00,0.000e+00,1.975e+01,0.000e+00,-1.997e+01,0.000e+00,0.000e+00,9.998e+00,2.997e+01,0.000e+00,9.998e+00,0.000e+00,0.000e+00,-9.750e+00,0.000e+00,0.000e+00,1.000e+01,1.975e+01,0.000e+00,1.000e+01,0.000e+00,0.000e+00,9.970e+00,0.000e+00,0.000e+00,9.970e+00,2.156e-06,0.000e+00,9.970e+00,0.000e+00,0.000e+00,5.00
21500,21500,214635,1.898e+01,0.000e+00,5.000e+00,1.998e+01,2.538e-06,0.000e+00,0.000e+00,1.998e+01,0.000e+00,-1.961e+01,0.000e+00,0.000e+00,9.998e+00,2.961e+01,0.000e+00,9.998e+00,0.000e+00,0.000e+00,-9.992e+00,0.000e+00,0.000e+00,9.998e+00,1.999e+01,0.000e+00,9.998e+00,0.000e+00,0.000e+00,9.619e+00,0.000e+00,0.000e+00,9.619e+00,2.023e-06,0.000e+00,9.619e+00,0.000e+00,0.000e+00,5.00
21600,21600,215635,1.899e+01,0.000e+00,5.000e+00,1.999e+01,2.357e-06,0.000e+00,0.000e+00,1.999e+01,0.000e+00,-1.981e+01,0.000e+00,0.000e+00,9.990e+00,2.980e+01,0.000e+00,9.990e+00,0.000e+00,0.000e+00,-9.984e+00,0.000e+00,0.000e+00,9.999e+00,1.998e+01,0.000e+00,9.999e+00,0.000e+00,0.000e+00,9.806e+00,0.000e+00,0.000e+00,9.806e+00,1.910e-06,0.000e+00,9.806e+00,0.000e+00,0.000e+00,5.00
21700,21700,216635,1.899e+01,0.000e+00,5.000e+00,1.999e+01,2.241e-06,0.000e+00,0.000e+00,1.999e+01,0.000e+00,-1.995e+01,0.000e+00,0.000e+00,9.997e+00,2.995e+01,0.000e+00,9.997e+00,0.000e+00,0.000e+00,-9.991e+00,0.000e+00,0.000e+00,9.999e+00,1.999e+01,0.000e+00,9.999e+00,0.000e+00,0.000e+00,9.957e+00,0.000e+00,0.000e+00,9.957e+00,1.801e-06,0.000e+00,9.957e+00,0.000e+00,0.000e+00,5.00
21800,21800,217635,1.850e+01,0.000e+00,5.000e+00,1.950e+01,2.110e-06,0.000e+00,0.000e+00,1.950e+01,0.000e+00,-1.145e+01,0.000e+00,0.000e+00,9.997e+00,2.145e+01,0.000e+00,9.997e+00,0.000e+00,0.000e+00,-1.004e+01,0.000e+00,0.000e+00,9.949e+00,1.999e+01,0.000e+00,9.949e+00,0.000e+00,0.000e+00,1.999e+00,0.000e+00,0.000e+00,1.999e+00,1.701e-06,0.000e+00,1.999e+00,0.000e+00,0.000e+00,5.00
21900,21900,218635,1.886e+01,0.000e+00,5.000e+00,1.986e+01,1.987e-06,0.000e+00,0.000e+00,1.986e+01,0.000e+00,-1.174e+01,0.000e+00,0.000e+00,9.997e+00,2.173e+01,0.000e+00,9.997e+00,0.000e+00,0.000e+00,-1.012e+01,0.000e+00,0.000e+00,9.871e+00,1.999e+01,0.000e+00,9.871e+00,0.000e+00,0.000e+00,1.999e+00,0.000e+00,0.000e+00,1.999e+00,1.606e-06,0.000e+00,1.999e+00,0.000e+00,0.000e+00,5.00
22000,22000,219635,1.653e+01,0.000e+00,5.000e+00,1.753e+01,1.882e-06,0.000e+00,0.000e+00,1.753e+01,0.000e+00,-1.199e+01,0.000e+00,0.000e+00,9.995e+00,2.199e+01,0.000e+00,9.995e+00,0.000e+00,0.000e+00,-7.536e+00,0.000e+00,0.000e+00,9.992e+00,1.753e+01,0.000e+00,9.992e+00,0.000e+00,0.000e+00,2.000e+00,0.000e+00,0.000e+00,2.000e+00,1.503e-06,0.000e+00,2.000e+00,0.000e+00,0.000e+00,5.00
22100,22100,220635,1.899e+01,0.000e+00,5.000e+00,1.999e+01,1.788e-06,0.000e+00,0.000e+00,1.999e+01,0.000e+00,-1.200e+01,0.000e+00,0.000e+00,9.993e+00,2.199e+01,0.000e+00,9.993e+00,0.000e+00,0.000e+00,-9.992e+00,0.000e+00,0.000e+00,9.995e+00,1.999e+01,0.000e+00,9.995e+00,0.000e+00,0.000e+00,2.000e+00,0.000e+00,0.000e+00,2.000e+00,1.407e-06,0.000e+00,2.000e+00,0.000e+00,0.000e+00,5.00
22200,22200,221635,1.209e+01,0.000e+00,5.000e+00,1.309e+01,1.696e-06,0.000e+00,0.000e+00,1.309e+01,0.000e+00,-1.199e+01,0.000e+00,0.000e+00,9.997e+00,2.199e+01,0.000e+00,9.997e+00,0.000e+00,0.000e+00,-3.097e+00,0.000e+00,0.000e+00,9.995e+00,1.309e+01,0.000e+00,9.995e+00,0.000e+00,0.000e+00,2.000e+00,0.000e+00,0.000e+00,2.000e+00,1.329e-06,0.000e+00,2.000e+00,0.000e+00,0.000e+00,5.00
22300,22300,222635,1.718e+01,0.000e+00,4.900e+00,1.838e+01,1.603e-06,0.000e+00,1.507e-06,1.838e+01,0.000e+00,-1.119e+01,0.000e+00,0.000e+00,9.985e+00,2.117e+01,0.000e+00,9.985e+00,0.000e+00,0.000e+00,-9.972e+00,0.000e+00,0.000e+00,9.199e+00,1.917e+01,0.000e+00,9.199e+00,0.000e+00,0.000e+00,2.777e+00,0.000e+00,0.000e+00,2.777e+00,1.205e-06,0.000e+00,2.777e+00,0.000e+00,0.000e+00,5.00
22400,22400,223635,1.898e+01,0.000e+00,5.000e+00,1.998e+01,1.514e-06,0.000e+00,0.000e+00,1.998e+01,0.000e+00,-1.200e+01,0.000e+00,0.000e+00,9.988e+00,2.199e+01,0.000e+00,9.988e+00,0.000e+00,0.000e+00,-9.979e+00,0.000e+00,0.000e+00,9.996e+00,1.998e+01,0.000e+00,9.996e+00,0.000e+00,0.000e+00,1.999e+00,0.000e+00,0.000e+00,1.999e+00,1.183e-06,0.000e+00,1.999e+00,0.000e+00,0.000e+00,5.00
22500,22500,224635,1.899e+01,0.000e+00,5.000e+00,1.999e+01,1.422e-06,0.000e+00,0.000e+00,1.999e+01,0.000e+00,-1.200e+01,0.000e+00,0.000e+00,9.991e+00,2.199e+01,0.000e+00,9.991e+00,0.000e+00,0.000e+00,-9.990e+00,0.000e+00,0.000e+00,9.991e+00,1.998e+01,0.000e+00,9.991e+00,0.000e+00,0.000e+00,1.999e+00,0.000e+00,0.000e+00,1.999e+00,1.110e-06,0.000e+00,1.999e+00,0.000e+00,0.000e+00,5.00
22600,22600,225635,1.308e+01,1.000e-01,4.900e+00,1.418e+01,1.540e-06,0.000e+00,0.000e+00,1.418e+01,0.000e+00,-1.081e+01,0.000e+00,0.000e+00,9.993e+00,2.080e+01,0.000e+00,9.993e+00,0.000e+00,0.000e+00,-6.186e+00,0.000e+00,0.000e+00,8.995e+00,1.518e+01,0.000e+00,8.995e+00,0.000e+00,0.000e+00,2.811e+00,0.000e+00,0.000e+00,2.811e+00,1.050e-06,0.000e+00,2.811e+00,0.000e+00,0.000e+00,5.00
22700,22700,226635,1.898e+01,0.000e+00,5.000e+00,1.998e+01,1.263e-06,0.000e+00,0.000e+00,1.998e+01,0.000e+00,-1.205e+01,0.000e+00,0.000e+00,9.983e+00,2.203e+01,0.000e+00,9.983e+00,0.000e+00,0.000e+00,-9.968e+00,0.000e+00,0.000e+00,9.998e+00,1.997e+01,0.000e+00,9.998e+00,0.000e+00,0.000e+00,2.038e+00,0.000e+00,0.000e+00,2.038e+00,9.743e-07,0.000e+00,2.038e+00,0.000e+00,0.000e+00,5.00
22800,22800,227635,1.885e+01,0.000e+00,5.000e+00,1.985e+01,1.191e-06,0.000e+00,0.000e+00,1.985e+01,0.000e+00,-1.230e+01,0.000e+00,0.000e+00,9.996e+00,2.230e+01,0.000e+00,9.996e+00,0.000e+00,0.000e+00,-9.981e+00,0.000e+00,0.000e+00,1.000e+01,1.998e+01,0.000e+00,1.000e+01,0.000e+00,0.000e+00,2.434e+00,0.000e+00,0.000e+00,2.434e+00,7.985e-07,0.000e+00,2.434e+00,0.000e+00,0.000e+00,5.00
22900,22900,228635,1.684e+01,0.000e+00,5.000e+00,1.784e+01,1.121e-06,0.000e+00,0.000e+00,1.784e+01,0.000e+00,-1.785e+01,0.000e+00,0.000e+00,9.964e+00,2.782e+01,0.000e+00,9.964e+00,0.000e+00,0.000e+00,-9.954e+00,0.000e+00,0.000e+00,9.994e+00,1.995e+01,0.000e+00,9.994e+00,0.000e+00,0.000e+00,9.966e+00,0.000e+00,0.000e+00,9.966e+00,7.513e-07,0.000e+00,9.966e+00,0.000e+00,0.000e+00,5.00
23000,23000,229635,1.897e+01,0.000e+00,5.000e+00,1.997e+01,1.057e-06,0.000e+00,0.000e+00,1.997e+01,0.000e+00,-1.995e+01,0.000e+00,0.000e+00,9.992e+00,2.994e+01,0.000e+00,9.992e+00,0.000e+00,0.000e+00,-9.970e+00,0.000e+00,0.000e+00,9.998e+00,1.997e+01,0.000e+00,9.998e+00,0.000e+00,0.000e+00,9.951e+00,0.000e+00,0.000e+00,9.951e+00,7.088e-07,0.000e+00,9.951e+00,0.000e+00,0.000e+00,5.00
23100,23100,230635,1.898e+01,0.000e+00,5.000e+00,1.998e+01,9.872e-07,0.000e+00,0.000e+00,1.998e+01,0.000e+00,-1.206e+01,0.000e+00,0.000e+00,9.992e+00,2.205e+01,0.000e+00,9.992e+00,0.000e+00,0.000e+00,-9.974e+00,0.000e+00,0.000e+00,9.997e+00,1.997e+01,0.000e+00,9.997e+00,0.000e+00,0.000e+00,2.054e+00,0.000e+00,0.000e+00,2.054e+00,6.681e-07,0.000e+00,2.054e+00,0.000e+00,0.000e+00,5.00
23200,23200,231635,1.898e+01,0.000e+00,5.000e+00,1.998e+01,8.089e-07,0.000e+00,0.000e+00,1.998e+01,0.000e+00,-1.206e+01,0.000e+00,0.000e+00,9.992e+00,2.205e+01,0.000e+00,9.992e+00,0.000e+00,0.000e+00,-9.974e+00,0.000e+00,0.000e+00,9.998e+00,1.997e+01,0.000e+00,9.998e+00,0.000e+00,0.000e+00,2.058e+00,0.000e+00,0.000e+00,2.058e+00,6.281e-07,0.000e+00,2.058e+00,0.000e+00,0.000e+00,5.00
23300,23300,232635,1.898e+01,0.000e+00,5.000e+00,1.998e+01,7.576e-07,0.000e+00,0.000e+00,1.998e+01,0.000e+00,-1.998e+01,0.000e+00,0.000e+00,9.993e+00,2.998e+01,0.000e+00,9.993e+00,0.000e+00,0.000e+00,-9.975e+00,0.000e+00,0.000e+00,9.998e+00,1.997e+01,0.000e+00,9.998e+00,0.000e+00,0.000e+00,9.979e+00,0.000e+00,0.000e+00,9.979e+00,5.941e-07,0.000e+00,9.979e+00,0.000e+00,0.000e+00,5.00
23400,23400,233635,1.898e+01,0.000e+00,5.000e+00,1.998e+01,7.072e-07,0.000e+00,0.000e+00,1.998e+01,0.000e+00,-1.997e+01,0.000e+00,0.000e+00,9.993e+00,2.996e+01,0.000e+00,9.993e+00,0.000e+00,0.000e+00,-9.978e+00,0.000e+00,0.000e+00,9.998e+00,1.998e+01,0.000e+00,9.998e+00,0.000e+00,0.000e+00,9.962e+00,0.000e+00,0.000e+00,9.962e+00,5.633e-07,0.000e+00,9.962e+00,0.000e+00,0.000e+00,5.00
23500,23500,234635,1.361e+01,0.000e+00,5.000e+00,1.461e+01,6.483e-07,0.000e+00,0.000e+00,1.461e+01,0.000e+00,-1.998e+01,0.000e+00,0.000e+00,9.923e+00,2.991e+01,0.000e+00,9.923e+00,0.000e+00,0.000e+00,-4.536e+00,0.000e+00,0.000e+00,9.998e+00,1.453e+01,0.000e+00,9.998e+00,0.000e+00,0.000e+00,9.911e+00,0.000e+00,0.000e+00,9.911e+00,5.269e-07,0.000e+00,9.911e+00,0.000e+00,0.000e+00,5.00
23600,23600,235635,1.664e+01,0.000e+00,5.000e+00,1.764e+01,6.127e-07,0.000e+00,0.000e+00,1.764e+01,0.000e+00,-2.150e+01,0.000e+00,0.000e+00,8.323e-01,2.233e+01,0.000e+00,8.323e-01,0.000e+00,0.000e+00,1.457e+00,0.000e+00,0.000e+00,9.995e+00,8.539e+00,0.000e+00,9.995e+00,0.000e+00,0.000e+00,2.404e+00,0.000e+00,0.000e+00,2.404e+00,4.961e-07,0.000e+00,2.404e+00,0.000e+00,0.000e+00,5.00
23700,23700,236635,8.972e+00,0.000e+00,5.000e+00,9.972e+00,5.792e-07,0.000e+00,0.000e+00,9.972e+00,0.000e+00,-1.471e+01,0.000e+00,0.000e+00,9.999e+00,2.470e+01,0.000e+00,9.999e+00,0.000e+00,0.000e+00,-2.002e-03,0.000e+00,0.000e+00,9.997e+00,9.999e+00,0.000e+00,9.997e+00,0.000e+00,0.000e+00,4.736e+00,0.000e+00,0.000e+00,4.736e+00,4.656e-07,0.000e+00,4.736e+00,0.000e+00,0.000e+00,5.00
23800,23800,237635,8.998e+00,0.000e+00,5.000e+00,9.998e+00,5.451e-07,0.000e+00,0.000e+00,9.998e+00,0.000e+00,-1.290e+01,0.000e+00,0.000e+00,9.999e+00,2.290e+01,0.000e+00,9.999e+00,0.000e+00,0.000e+00,-7.791e-04,0.000e+00,0.000e+00,9.999e+00,1.000e+01,0.000e+00,9.999e+00,0.000e+00,0.000e+00,2.905e+00,0.000e+00,0.000e+00,2.905e+00,4.098e-07,0.000e+00,2.905e+00,0.000e+00,0.000e+00,5.00
23900,23900,238635,9.000e+00,0.000e+00,5.000e+00,1.000e+01,5.174e-07,0.000e+00,0.000e+00,1.000e+01,0.000e+00,-1.994e+01,0.000e+00,0.000e+00,9.999e+00,2.994e+01,0.000e+00,9.999e+00,0.000e+00,0.000e+00,-1.106e-03,0.000e+00,0.000e+00,9.999e+00,1.000e+01,0.000e+00,9.999e+00,0.000e+00,0.000e+00,9.941e+00,0.000e+00,0.000e+00,9.941e+00,3.863e-07,0.000e+00,9.941e+00,0.000e+00,0.000e+00,5.00
24000,24000,239635,8.998e+00,0.000e+00,5.000e+00,9.998e+00,4.911e-07,0.000e+00,0.000e+00,9.998e+00,0.000e+00,-1.983e+01,0.000e+00,0.000e+00,9.999e+00,2.983e+01,0.000e+00,9.999e+00,0.000e+00,0.000e+00,-9.923e-04,0.000e+00,0.000e+00,9.999e+00,1.000e+01,0.000e+00,9.999e+00,0.000e+00,0.000e+00,9.837e+00,0.000e+00,0.000e+00,9.837e+00,3.640e-07,0.000e+00,9.837e+00,0.000e+00,0.000e+00,5.00
24100,24100,240635,6.311e+00,0.000e+00,5.000e+00,7.311e+00,4.681e-07,0.000e+00,0.000e+00,7.311e+00,0.000e+00,-1.728e+01,0.000e+00,0.000e+00,1.000e+01,2.728e+01,0.000e+00,1.000e+01,0.000e+00,0.000e+00,-4.061e-04,0.000e+00,0.000e+00,1.000e+01,1.000e+01,0.000e+00,1.000e+01,0.000e+00,0.000e+00,9.967e+00,0.000e+00,0.000e+00,9.967e+00,3.406e-07,0.000e+00,9.967e+00,0.000e+00,0.000e+00,5.00
24200,24200,241635,8.998e+00,0.000e+00,5.000e+00,9.998e+00,4.397e-07,0.000e+00,0.000e+00,9.998e+00,0.000e+00,-1.203e+01,0.000e+00,0.000e+00,1.000e+01,2.203e+01,0.000e+00,1.000e+01,0.000e+00,0.000e+00,-2.801e-04,0.000e+00,0.000e+00,1.000e+01,1.000e+01,0.000e+00,1.000e+01,0.000e+00,0.000e+00,2.029e+00,0.000e+00,0.000e+00,2.029e+00,3.205e-07,0.000e+00,2.029e+00,0.000e+00,0.000e+00,5.00
24300,24300,242635,8.922e+00,0.000e+00,5.000e+00,9.922e+00,4.115e-07,0.000e+00,0.000e+00,9.922e+00,0.000e+00,-1.989e+01,0.000e+00,0.000e+00,1.000e+01,2.989e+01,0.000e+00,1.000e+01,0.000e+00,0.000e+00,-1.786e-04,0.000e+00,0.000e+00,1.000e+01,1.000e+01,0.000e+00,1.000e+01,0.000e+00,0.000e+00,9.970e+00,0.000e+00,0.000e+00,9.970e+00,1.827e-07,0.000e+00,9.970e+00,0.000e+00,0.000e+00,5.00
24400,24400,243635,8.999e+00,0.000e+00,5.000e+00,9.999e+00,3.855e-07,0.000e+00,0.000e+00,9.999e+00,0.000e+00,-1.997e+01,0.000e+00,0.000e+00,1.000e+01,2.997e+01,0.000e+00,1.000e+01,0.000e+00,0.000e+00,-4.511e-04,0.000e+00,0.000e+00,1.000e+01,1.000e+01,0.000e+00,1.000e+01,0.000e+00,0.000e+00,9.968e+00,0.000e+00,0.000e+00,9.968e+00,1.752e-07,0.000e+00,9.968e+00,0.000e+00,0.000e+00,5.00
24500,24500,244635,8.998e+00,0.000e+00,5.000e+00,9.998e+00,3.620e-07,0.000e+00,0.000e+00,9.998e+00,0.000e+00,-2.000e+01,0.000e+00,0.000e+00,9.990e+00,2.999e+01,0.000e+00,9.990e+00,0.000e+00,0.000e+00,8.547e-03,0.000e+00,0.000e+00,9.999e+00,9.991e+00,0.000e+00,9.999e+00,0.000e+00,0.000e+00,9.990e+00,0.000e+00,0.000e+00,9.990e+00,1.656e-07,0.000e+00,9.990e+00,0.000e+00,0.000e+00,5.00
24600,24600,245635,8.999e+00,0.000e+00,5.000e+00,9.999e+00,3.402e-07,0.000e+00,0.000e+00,9.999e+00,0.000e+00,-1.999e+01,0.000e+00,0.000e+00,9.996e+00,2.999e+01,0.000e+00,9.996e+00,0.000e+00,0.000e+00,2.574e-03,0.000e+00,0.000e+00,1.000e+01,9.997e+00,0.000e+00,1.000e+01,0.000e+00,0.000e+00,9.992e+00,0.000e+00,0.000e+00,9.992e+00,1.571e-07,0.000e+00,9.992e+00,0.000e+00,0.000e+00,5.00
24700,24700,246635,8.089e+00,1.000e-01,4.800e+00,9.389e+00,3.200e-07,7.605e-06,0.000e+00,9.389e+00,0.000e+00,-1.935e+01,0.000e+00,0.000e+00,9.995e+00,2.935e+01,0.000e+00,9.995e+00,0.000e+00,0.000e+00,-2.161e-02,0.000e+00,0.000e+00,9.976e+00,9.997e+00,0.000e+00,9.976e+00,0.000e+00,0.000e+00,9.987e+00,0.000e+00,0.000e+00,9.987e+00,1.401e-07,0.000e+00,9.987e+00,0.000e+00,0.000e+00,5.00
24800,24800,247635,2.620e+00,0.000e+00,5.000e+00,3.620e+00,2.977e-07,0.000e+00,0.000e+00,3.620e+00,0.000e+00,-1.362e+01,0.000e+00,0.000e+00,9.996e+00,2.361e+01,0.000e+00,9.996e+00,0.000e+00,0.000e+00,-7.465e-04,0.000e+00,0.000e+00,9.998e+00,9.999e+00,0.000e+00,9.998e+00,0.000e+00,0.000e+00,9.997e+00,0.000e+00,0.000e+00,9.997e+00,1.384e-07,0.000e+00,9.997e+00,0.000e+00,0.000e+00,5.00
24900,24900,248635,9.001e+00,0.000e+00,5.000e+00,1.000e+01,2.817e-07,0.000e+00,0.000e+00,1.000e+01,0.000e+00,-1.981e+01,0.000e+00,0.000e+00,9.998e+00,2.981e+01,0.000e+00,9.998e+00,0.000e+00,0.000e+00,-2.066e-02,0.000e+00,0.000e+00,9.979e+00,1.000e+01,0.000e+00,9.979e+00,0.000e+00,0.000e+00,9.833e+00,0.000e+00,0.000e+00,9.833e+00,1.308e-07,0.000e+00,9.833e+00,0.000e+00,0.000e+00,5.00
25000,25000,249635,9.114e+00,0.000e+00,5.000e+00,1.011e+01,2.666e-07,0.000e+00,0.000e+00,1.011e+01,0.000e+00,-1.242e+01,0.000e+00,0.000e+00,9.982e+00,2.241e+01,0.000e+00,9.982e+00,0.000e+00,0.000e+00,-1.025e-01,0.000e+00,0.000e+00,9.994e+00,1.010e+01,0.000e+00,9.994e+00,0.000e+00,0.000e+00,2.413e+00,0.000e+00,0.000e+00,2.413e+00,1.230e-07,0.000e+00,2.413e+00,0.000e+00,0.000e+00,5.00
